-- MySQL dump 10.13  Distrib 8.0.44, for Win64 (x86_64)
--
-- Host: localhost    Database: bus_system
-- ------------------------------------------------------
-- Server version	8.0.35

/*!40101 SET @OLD_CHARACTER_SET_CLIENT=@@CHARACTER_SET_CLIENT */;
/*!40101 SET @OLD_CHARACTER_SET_RESULTS=@@CHARACTER_SET_RESULTS */;
/*!40101 SET @OLD_COLLATION_CONNECTION=@@COLLATION_CONNECTION */;
/*!50503 SET NAMES utf8 */;
/*!40103 SET @OLD_TIME_ZONE=@@TIME_ZONE */;
/*!40103 SET TIME_ZONE='+00:00' */;
/*!40014 SET @OLD_UNIQUE_CHECKS=@@UNIQUE_CHECKS, UNIQUE_CHECKS=0 */;
/*!40014 SET @OLD_FOREIGN_KEY_CHECKS=@@FOREIGN_KEY_CHECKS, FOREIGN_KEY_CHECKS=0 */;
/*!40101 SET @OLD_SQL_MODE=@@SQL_MODE, SQL_MODE='NO_AUTO_VALUE_ON_ZERO' */;
/*!40111 SET @OLD_SQL_NOTES=@@SQL_NOTES, SQL_NOTES=0 */;

--
-- Table structure for table `admins`
--

DROP TABLE IF EXISTS `admins`;
/*!40101 SET @saved_cs_client     = @@character_set_client */;
/*!50503 SET character_set_client = utf8mb4 */;
CREATE TABLE `admins` (
  `admin_id` int NOT NULL AUTO_INCREMENT,
  `username` varchar(255) DEFAULT NULL,
  `email` varchar(255) DEFAULT NULL,
  `password` varchar(255) NOT NULL,
  `role` varchar(255) DEFAULT NULL,
  `created_at` timestamp NULL DEFAULT CURRENT_TIMESTAMP,
  PRIMARY KEY (`admin_id`),
  UNIQUE KEY `username` (`username`),
  UNIQUE KEY `email` (`email`)
) ENGINE=InnoDB AUTO_INCREMENT=2 DEFAULT CHARSET=utf8mb4 COLLATE=utf8mb4_0900_ai_ci;
/*!40101 SET character_set_client = @saved_cs_client */;

--
-- Dumping data for table `admins`
--

LOCK TABLES `admins` WRITE;
/*!40000 ALTER TABLE `admins` DISABLE KEYS */;
INSERT INTO `admins` VALUES (1,'admin','admin@gmail.com','admin123','ADMIN','2026-03-25 07:46:50');
/*!40000 ALTER TABLE `admins` ENABLE KEYS */;
UNLOCK TABLES;

--
-- Table structure for table `booking_seats`
--

DROP TABLE IF EXISTS `booking_seats`;
/*!40101 SET @saved_cs_client     = @@character_set_client */;
/*!50503 SET character_set_client = utf8mb4 */;
CREATE TABLE `booking_seats` (
  `booking_seat_id` int NOT NULL AUTO_INCREMENT,
  `booking_id` int DEFAULT NULL,
  `seat_id` int DEFAULT NULL,
  PRIMARY KEY (`booking_seat_id`),
  UNIQUE KEY `unique_seat` (`seat_id`),
  KEY `booking_id` (`booking_id`),
  KEY `seat_id` (`seat_id`),
  CONSTRAINT `booking_seats_ibfk_1` FOREIGN KEY (`booking_id`) REFERENCES `bookings` (`booking_id`),
  CONSTRAINT `booking_seats_ibfk_2` FOREIGN KEY (`seat_id`) REFERENCES `seats` (`seat_id`)
) ENGINE=InnoDB AUTO_INCREMENT=23 DEFAULT CHARSET=utf8mb4 COLLATE=utf8mb4_0900_ai_ci;
/*!40101 SET character_set_client = @saved_cs_client */;

--
-- Dumping data for table `booking_seats`
--

LOCK TABLES `booking_seats` WRITE;
/*!40000 ALTER TABLE `booking_seats` DISABLE KEYS */;
INSERT INTO `booking_seats` VALUES (5,2,1798),(6,2,1797),(7,2,1794),(8,2,1793),(9,3,2000),(10,3,1999),(11,3,1998),(12,3,1997),(13,4,1996),(14,4,1995),(15,4,1994),(16,4,1993),(17,5,1989),(18,5,1985),(19,5,1981),(20,5,1977),(21,5,1973),(22,5,1969);
/*!40000 ALTER TABLE `booking_seats` ENABLE KEYS */;
UNLOCK TABLES;

--
-- Table structure for table `bookings`
--

DROP TABLE IF EXISTS `bookings`;
/*!40101 SET @saved_cs_client     = @@character_set_client */;
/*!50503 SET character_set_client = utf8mb4 */;
CREATE TABLE `bookings` (
  `booking_id` int NOT NULL AUTO_INCREMENT,
  `user_id` int DEFAULT NULL,
  `bus_id` int DEFAULT NULL,
  `total_amount` double DEFAULT NULL,
  `status` varchar(255) DEFAULT NULL,
  `booking_date` timestamp NULL DEFAULT CURRENT_TIMESTAMP,
  PRIMARY KEY (`booking_id`),
  KEY `user_id` (`user_id`),
  KEY `bus_id` (`bus_id`),
  CONSTRAINT `bookings_ibfk_1` FOREIGN KEY (`user_id`) REFERENCES `users` (`user_id`),
  CONSTRAINT `bookings_ibfk_2` FOREIGN KEY (`bus_id`) REFERENCES `buses` (`bus_id`)
) ENGINE=InnoDB AUTO_INCREMENT=6 DEFAULT CHARSET=utf8mb4 COLLATE=utf8mb4_0900_ai_ci;
/*!40101 SET character_set_client = @saved_cs_client */;

--
-- Dumping data for table `bookings`
--

LOCK TABLES `bookings` WRITE;
/*!40000 ALTER TABLE `bookings` DISABLE KEYS */;
INSERT INTO `bookings` VALUES (2,107,1,3336,'CONFIRMED','2026-03-24 11:35:10'),(3,108,6,3980,'CONFIRMED','2026-03-25 13:43:28'),(4,107,6,3980,'CONFIRMED','2026-03-25 13:47:22'),(5,109,6,5970,'CONFIRMED','2026-03-27 05:21:13');
/*!40000 ALTER TABLE `bookings` ENABLE KEYS */;
UNLOCK TABLES;

--
-- Table structure for table `buses`
--

DROP TABLE IF EXISTS `buses`;
/*!40101 SET @saved_cs_client     = @@character_set_client */;
/*!50503 SET character_set_client = utf8mb4 */;
CREATE TABLE `buses` (
  `bus_id` int NOT NULL AUTO_INCREMENT,
  `bus_name` varchar(255) DEFAULT NULL,
  `bus_number` varchar(255) DEFAULT NULL,
  `source` varchar(255) DEFAULT NULL,
  `destination` varchar(255) DEFAULT NULL,
  `departure_time` time DEFAULT NULL,
  `journey_date` date DEFAULT NULL,
  `total_seats` int DEFAULT NULL,
  `price` double NOT NULL,
  `bus_type` varchar(255) DEFAULT NULL,
  PRIMARY KEY (`bus_id`)
) ENGINE=InnoDB AUTO_INCREMENT=108 DEFAULT CHARSET=utf8mb4 COLLATE=utf8mb4_0900_ai_ci;
/*!40101 SET character_set_client = @saved_cs_client */;

--
-- Dumping data for table `buses`
--

LOCK TABLES `buses` WRITE;
/*!40000 ALTER TABLE `buses` DISABLE KEYS */;
INSERT INTO `buses` VALUES (1,'VRL Travels','MH12AB4312','Pune','Mumbai','06:00:00','2026-03-25',40,834,'NON-AC'),(2,'Shivneri','MH14CD7821','Mumbai','Pune','08:30:00','2026-03-26',40,945,'AC'),(3,'Orange Travels','MH15EF9023','Pune','Nashik','07:15:00','2026-03-24',40,416,'NON-AC'),(4,'SRS Travels','MH20GH1187','Nashik','Aurangabad','09:00:00','2026-03-25',40,589,'NON-AC'),(5,'VRL Travels','MH13JK6574','Pune','Kolhapur','10:30:00','2026-03-26',40,499,'NON-AC'),(6,'Paulo Travels','MH16LM8842','Kolhapur','Goa','18:00:00','2026-03-24',40,995,'AC'),(7,'RedBus Express','MH17NP4319','Pune','Solapur','07:45:00','2026-03-25',40,550,'NON-AC'),(8,'Satara Express','MH18QR7725','Satara','Pune','06:30:00','2026-03-26',40,322,'SEATER'),(9,'Sangli Travels','MH19ST6631','Sangli','Pune','08:00:00','2026-03-24',40,567,'NON-AC'),(10,'Belgaum Express','MH21UV5487','Belgaum','Kolhapur','11:00:00','2026-03-25',40,545,'NON-AC'),(11,'Hubli Travels','MH22WX9164','Hubli','Belgaum','12:30:00','2026-03-26',40,422,'NON-AC'),(12,'Ratnagiri Express','MH23YZ2741','Ratnagiri','Pune','16:00:00','2026-03-24',40,919,'AC'),(13,'Indore Travels','MH24AA3928','Indore','Pune','19:00:00','2026-03-25',40,993,'AC'),(14,'Hyderabad Express','MH25BB7519','Hyderabad','Solapur','20:00:00','2026-03-26',40,810,'AC'),(15,'Surat Travels','MH26CC6107','Surat','Mumbai','14:00:00','2026-03-24',40,872,'AC'),(16,'Vadodara Express','MH27DD4395','Vadodara','Surat','15:30:00','2026-03-25',40,420,'NON-AC'),(17,'Bhopal Travels','MH28EE8206','Bhopal','Indore','17:45:00','2026-03-26',40,318,'SEATER'),(18,'Udaipur Express','MH29FF1753','Udaipur','Vadodara','18:30:00','2026-03-24',40,991,'AC'),(19,'Ahmednagar Travels','MH30GG9042','Ahmednagar','Pune','06:45:00','2026-03-25',40,323,'SEATER'),(20,'Shirdi Express','MH31HH6639','Shirdi','Nashik','09:15:00','2026-03-26',40,229,'SEATER'),(21,'Jalgaon Travels','MH32JJ4821','Jalgaon','Aurangabad','13:00:00','2026-03-24',40,503,'NON-AC'),(22,'Amravati Express','MH33KK7056','Amravati','Nagpur','21:00:00','2026-03-25',40,598,'NON-AC'),(23,'Nanded Travels','MH34LL9138','Nanded','Latur','20:30:00','2026-03-26',40,260,'SEATER'),(24,'Latur Express','MH35MM2447','Latur','Solapur','11:15:00','2026-03-24',40,206,'SEATER'),(25,'Ratnagiri Coastal','MH36NN6712','Ratnagiri','Sindhudurg','07:00:00','2026-03-25',40,202,'SEATER'),(26,'Sindhudurg Express','MH37PP8326','Sindhudurg','Goa','18:45:00','2026-03-26',40,339,'SEATER'),(27,'Karad Travels','MH38QQ5904','Karad','Satara','10:00:00','2026-03-24',40,293,'SEATER'),(28,'Dhule Express','MH39RR4178','Dhule','Nashik','14:30:00','2026-03-25',40,249,'SEATER'),(29,'Akola Travels','MH40SS2645','Akola','Amravati','22:00:00','2026-03-26',40,317,'SEATER'),(30,'Solapur Night','MH41TT7032','Solapur','Pune','23:00:00','2026-03-24',40,583,'NON-AC'),(31,'Goa Sleeper','MH42UU5187','Goa','Kolhapur','21:30:00','2026-03-25',40,871,'AC'),(32,'Mumbai Night','MH43VV6891','Mumbai','Surat','22:15:00','2026-03-26',40,488,'NON-AC'),(33,'Surat Express','MH12AB1234','Pune','Surat','07:30:00','2026-03-24',40,498,'NON-AC'),(34,'Pune Surat Travels','MH14CD5678','Pune','Surat','09:00:00','2026-03-25',40,426,'NON-AC'),(35,'Shivneri Travels','MH15EF9012','Pune','Surat','11:15:00','2026-03-26',40,437,'NON-AC'),(36,'Mumbai Express','MH01GH3456','Mumbai','Nashik','06:00:00','2026-03-24',40,279,'SEATER'),(37,'Nashik Rider','MH02IJ7890','Mumbai','Nashik','08:30:00','2026-03-25',40,215,'SEATER'),(38,'FastTrack Travels','MH03KL1122','Mumbai','Nashik','10:45:00','2026-03-26',40,336,'SEATER'),(39,'Nagpur Express','MH31MN3344','Amravati','Nagpur','05:30:00','2026-03-24',40,236,'SEATER'),(40,'Vidarbha Travels','MH32OP5566','Amravati','Nagpur','12:00:00','2026-03-25',40,274,'SEATER'),(41,'Orange City Bus','MH33QR7788','Amravati','Nagpur','18:15:00','2026-03-26',40,313,'SEATER'),(42,'Aurangabad Express','MH20ST9911','Jalgaon','Aurangabad','07:00:00','2026-03-24',40,456,'NON-AC'),(43,'Deccan Travels','MH21UV2233','Jalgaon','Aurangabad','13:30:00','2026-03-25',40,429,'NON-AC'),(44,'Royal Cruiser','MH22WX4455','Jalgaon','Aurangabad','20:00:00','2026-03-26',40,579,'NON-AC'),(45,'Orange Travels','MH15EF9023_R','Nashik','Pune','07:15:00','2026-03-24',40,409,'NON-AC'),(46,'SRS Travels','MH20GH1187_R','Aurangabad','Nashik','09:00:00','2026-03-25',40,507,'NON-AC'),(47,'VRL Travels','MH13JK6574_R','Kolhapur','Pune','10:30:00','2026-03-26',40,510,'NON-AC'),(48,'Satara Express','MH18QR7725_R','Pune','Satara','06:30:00','2026-03-24',40,221,'SEATER'),(49,'Sangli Travels','MH19ST6631_R','Pune','Sangli','08:00:00','2026-03-25',40,409,'NON-AC'),(50,'Belgaum Express','MH21UV5487_R','Kolhapur','Belgaum','11:00:00','2026-03-26',40,562,'NON-AC'),(51,'Hubli Travels','MH22WX9164_R','Belgaum','Hubli','12:30:00','2026-03-24',40,584,'NON-AC'),(52,'Ratnagiri Express','MH23YZ2741_R','Pune','Ratnagiri','16:00:00','2026-03-25',40,855,'AC'),(53,'Indore Travels','MH24AA3928_R','Pune','Indore','19:00:00','2026-03-26',40,846,'AC'),(54,'Hyderabad Express','MH25BB7519_R','Solapur','Hyderabad','20:00:00','2026-03-24',40,865,'AC'),(55,'Vadodara Express','MH27DD4395_R','Surat','Vadodara','15:30:00','2026-03-25',40,523,'NON-AC'),(56,'Bhopal Travels','MH28EE8206_R','Indore','Bhopal','17:45:00','2026-03-26',40,266,'SEATER'),(57,'Udaipur Express','MH29FF1753_R','Vadodara','Udaipur','18:30:00','2026-03-24',40,911,'AC'),(58,'Ahmednagar Travels','MH30GG9042_R','Pune','Ahmednagar','06:45:00','2026-03-25',40,278,'SEATER'),(59,'Shirdi Express','MH31HH6639_R','Nashik','Shirdi','09:15:00','2026-03-26',40,275,'SEATER'),(60,'Jalgaon Travels','MH32JJ4821_R','Aurangabad','Jalgaon','13:00:00','2026-03-24',40,588,'NON-AC'),(61,'Amravati Express','MH33KK7056_R','Nagpur','Amravati','21:00:00','2026-03-25',40,439,'NON-AC'),(62,'Nanded Travels','MH34LL9138_R','Latur','Nanded','20:30:00','2026-03-26',40,223,'SEATER'),(63,'Latur Express','MH35MM2447_R','Solapur','Latur','11:15:00','2026-03-24',40,229,'SEATER'),(64,'Ratnagiri Coastal','MH36NN6712_R','Sindhudurg','Ratnagiri','07:00:00','2026-03-25',40,277,'SEATER'),(65,'Sindhudurg Express','MH37PP8326_R','Goa','Sindhudurg','18:45:00','2026-03-26',40,346,'SEATER'),(66,'Karad Travels','MH38QQ5904_R','Satara','Karad','10:00:00','2026-03-24',40,252,'SEATER'),(67,'Dhule Express','MH39RR4178_R','Nashik','Dhule','14:30:00','2026-03-25',40,323,'SEATER'),(68,'Akola Travels','MH40SS2645_R','Amravati','Akola','22:00:00','2026-03-26',40,208,'SEATER'),(69,'Surat Express','MH12AB1234_R','Surat','Pune','07:30:00','2026-03-24',40,565,'NON-AC'),(70,'Pune Surat Travels','MH14CD5678_R','Surat','Pune','09:00:00','2026-03-25',40,591,'NON-AC'),(71,'Shivneri Travels','MH15EF9012_R','Surat','Pune','11:15:00','2026-03-26',40,459,'NON-AC'),(72,'Mumbai Express','MH01GH3456_R','Nashik','Mumbai','06:00:00','2026-03-24',40,293,'SEATER'),(73,'Nashik Rider','MH02IJ7890_R','Nashik','Mumbai','08:30:00','2026-03-25',40,232,'SEATER'),(74,'FastTrack Travels','MH03KL1122_R','Nashik','Mumbai','10:45:00','2026-03-26',40,230,'SEATER'),(75,'Nagpur Express','MH31MN3344_R','Nagpur','Amravati','05:30:00','2026-03-24',40,256,'SEATER'),(76,'Vidarbha Travels','MH32OP5566_R','Nagpur','Amravati','12:00:00','2026-03-25',40,241,'SEATER'),(77,'Orange City Bus','MH33QR7788_R','Nagpur','Amravati','18:15:00','2026-03-26',40,238,'SEATER'),(78,'Aurangabad Express','MH20ST9911_R','Aurangabad','Jalgaon','07:00:00','2026-03-24',40,492,'NON-AC'),(79,'Deccan Travels','MH21UV2233_R','Aurangabad','Jalgaon','13:30:00','2026-03-25',40,507,'NON-AC'),(80,'Royal Cruiser','MH22WX4455_R','Aurangabad','Jalgaon','20:00:00','2026-03-26',40,457,'NON-AC');
/*!40000 ALTER TABLE `buses` ENABLE KEYS */;
UNLOCK TABLES;

--
-- Table structure for table `otp_verification`
--

DROP TABLE IF EXISTS `otp_verification`;
/*!40101 SET @saved_cs_client     = @@character_set_client */;
/*!50503 SET character_set_client = utf8mb4 */;
CREATE TABLE `otp_verification` (
  `id` int NOT NULL AUTO_INCREMENT,
  `email` varchar(255) DEFAULT NULL,
  `otp` varchar(255) DEFAULT NULL,
  `expiry_time` datetime DEFAULT NULL,
  `created_at` datetime DEFAULT NULL,
  `attempts` int DEFAULT '0',
  `expires_time` datetime(6) DEFAULT NULL,
  PRIMARY KEY (`id`)
) ENGINE=InnoDB AUTO_INCREMENT=4 DEFAULT CHARSET=utf8mb4 COLLATE=utf8mb4_0900_ai_ci;
/*!40101 SET character_set_client = @saved_cs_client */;

--
-- Dumping data for table `otp_verification`
--

LOCK TABLES `otp_verification` WRITE;
/*!40000 ALTER TABLE `otp_verification` DISABLE KEYS */;
/*!40000 ALTER TABLE `otp_verification` ENABLE KEYS */;
UNLOCK TABLES;

--
-- Table structure for table `seats`
--

DROP TABLE IF EXISTS `seats`;
/*!40101 SET @saved_cs_client     = @@character_set_client */;
/*!50503 SET character_set_client = utf8mb4 */;
CREATE TABLE `seats` (
  `seat_id` int NOT NULL AUTO_INCREMENT,
  `bus_id` int DEFAULT NULL,
  `seat_number` int DEFAULT NULL,
  `status` varchar(255) DEFAULT NULL,
  PRIMARY KEY (`seat_id`),
  UNIQUE KEY `unique_seat_per_bus` (`bus_id`,`seat_number`),
  KEY `bus_id` (`bus_id`),
  CONSTRAINT `seats_ibfk_1` FOREIGN KEY (`bus_id`) REFERENCES `buses` (`bus_id`)
) ENGINE=InnoDB AUTO_INCREMENT=5855 DEFAULT CHARSET=utf8mb4 COLLATE=utf8mb4_0900_ai_ci;
/*!40101 SET character_set_client = @saved_cs_client */;

--
-- Dumping data for table `seats`
--

LOCK TABLES `seats` WRITE;
/*!40000 ALTER TABLE `seats` DISABLE KEYS */;
INSERT INTO `seats` VALUES (1761,1,40,'AVAILABLE'),(1762,1,39,'AVAILABLE'),(1763,1,38,'AVAILABLE'),(1764,1,37,'AVAILABLE'),(1765,1,36,'AVAILABLE'),(1766,1,35,'AVAILABLE'),(1767,1,34,'AVAILABLE'),(1768,1,33,'AVAILABLE'),(1769,1,32,'AVAILABLE'),(1770,1,31,'AVAILABLE'),(1771,1,30,'AVAILABLE'),(1772,1,29,'AVAILABLE'),(1773,1,28,'AVAILABLE'),(1774,1,27,'AVAILABLE'),(1775,1,26,'AVAILABLE'),(1776,1,25,'AVAILABLE'),(1777,1,24,'AVAILABLE'),(1778,1,23,'AVAILABLE'),(1779,1,22,'AVAILABLE'),(1780,1,21,'AVAILABLE'),(1781,1,20,'AVAILABLE'),(1782,1,19,'AVAILABLE'),(1783,1,18,'AVAILABLE'),(1784,1,17,'AVAILABLE'),(1785,1,16,'AVAILABLE'),(1786,1,15,'AVAILABLE'),(1787,1,14,'AVAILABLE'),(1788,1,13,'AVAILABLE'),(1789,1,12,'AVAILABLE'),(1790,1,11,'AVAILABLE'),(1791,1,10,'AVAILABLE'),(1792,1,9,'AVAILABLE'),(1793,1,8,'BOOKED'),(1794,1,7,'BOOKED'),(1795,1,6,'AVAILABLE'),(1796,1,5,'AVAILABLE'),(1797,1,4,'BOOKED'),(1798,1,3,'BOOKED'),(1799,1,2,'AVAILABLE'),(1800,1,1,'AVAILABLE'),(1801,2,40,'AVAILABLE'),(1802,2,39,'AVAILABLE'),(1803,2,38,'AVAILABLE'),(1804,2,37,'AVAILABLE'),(1805,2,36,'AVAILABLE'),(1806,2,35,'AVAILABLE'),(1807,2,34,'AVAILABLE'),(1808,2,33,'AVAILABLE'),(1809,2,32,'AVAILABLE'),(1810,2,31,'AVAILABLE'),(1811,2,30,'AVAILABLE'),(1812,2,29,'AVAILABLE'),(1813,2,28,'AVAILABLE'),(1814,2,27,'AVAILABLE'),(1815,2,26,'AVAILABLE'),(1816,2,25,'AVAILABLE'),(1817,2,24,'AVAILABLE'),(1818,2,23,'AVAILABLE'),(1819,2,22,'AVAILABLE'),(1820,2,21,'AVAILABLE'),(1821,2,20,'AVAILABLE'),(1822,2,19,'AVAILABLE'),(1823,2,18,'AVAILABLE'),(1824,2,17,'AVAILABLE'),(1825,2,16,'AVAILABLE'),(1826,2,15,'AVAILABLE'),(1827,2,14,'AVAILABLE'),(1828,2,13,'AVAILABLE'),(1829,2,12,'AVAILABLE'),(1830,2,11,'AVAILABLE'),(1831,2,10,'AVAILABLE'),(1832,2,9,'AVAILABLE'),(1833,2,8,'AVAILABLE'),(1834,2,7,'AVAILABLE'),(1835,2,6,'AVAILABLE'),(1836,2,5,'AVAILABLE'),(1837,2,4,'AVAILABLE'),(1838,2,3,'AVAILABLE'),(1839,2,2,'AVAILABLE'),(1840,2,1,'AVAILABLE'),(1841,3,40,'AVAILABLE'),(1842,3,39,'AVAILABLE'),(1843,3,38,'AVAILABLE'),(1844,3,37,'AVAILABLE'),(1845,3,36,'AVAILABLE'),(1846,3,35,'AVAILABLE'),(1847,3,34,'AVAILABLE'),(1848,3,33,'AVAILABLE'),(1849,3,32,'AVAILABLE'),(1850,3,31,'AVAILABLE'),(1851,3,30,'AVAILABLE'),(1852,3,29,'AVAILABLE'),(1853,3,28,'AVAILABLE'),(1854,3,27,'AVAILABLE'),(1855,3,26,'AVAILABLE'),(1856,3,25,'AVAILABLE'),(1857,3,24,'AVAILABLE'),(1858,3,23,'AVAILABLE'),(1859,3,22,'AVAILABLE'),(1860,3,21,'AVAILABLE'),(1861,3,20,'AVAILABLE'),(1862,3,19,'AVAILABLE'),(1863,3,18,'AVAILABLE'),(1864,3,17,'AVAILABLE'),(1865,3,16,'AVAILABLE'),(1866,3,15,'AVAILABLE'),(1867,3,14,'AVAILABLE'),(1868,3,13,'AVAILABLE'),(1869,3,12,'AVAILABLE'),(1870,3,11,'AVAILABLE'),(1871,3,10,'AVAILABLE'),(1872,3,9,'AVAILABLE'),(1873,3,8,'AVAILABLE'),(1874,3,7,'AVAILABLE'),(1875,3,6,'AVAILABLE'),(1876,3,5,'AVAILABLE'),(1877,3,4,'AVAILABLE'),(1878,3,3,'AVAILABLE'),(1879,3,2,'AVAILABLE'),(1880,3,1,'AVAILABLE'),(1881,4,40,'AVAILABLE'),(1882,4,39,'AVAILABLE'),(1883,4,38,'AVAILABLE'),(1884,4,37,'AVAILABLE'),(1885,4,36,'AVAILABLE'),(1886,4,35,'AVAILABLE'),(1887,4,34,'AVAILABLE'),(1888,4,33,'AVAILABLE'),(1889,4,32,'AVAILABLE'),(1890,4,31,'AVAILABLE'),(1891,4,30,'AVAILABLE'),(1892,4,29,'AVAILABLE'),(1893,4,28,'AVAILABLE'),(1894,4,27,'AVAILABLE'),(1895,4,26,'AVAILABLE'),(1896,4,25,'AVAILABLE'),(1897,4,24,'AVAILABLE'),(1898,4,23,'AVAILABLE'),(1899,4,22,'AVAILABLE'),(1900,4,21,'AVAILABLE'),(1901,4,20,'AVAILABLE'),(1902,4,19,'AVAILABLE'),(1903,4,18,'AVAILABLE'),(1904,4,17,'AVAILABLE'),(1905,4,16,'AVAILABLE'),(1906,4,15,'AVAILABLE'),(1907,4,14,'AVAILABLE'),(1908,4,13,'AVAILABLE'),(1909,4,12,'AVAILABLE'),(1910,4,11,'AVAILABLE'),(1911,4,10,'AVAILABLE'),(1912,4,9,'AVAILABLE'),(1913,4,8,'AVAILABLE'),(1914,4,7,'AVAILABLE'),(1915,4,6,'AVAILABLE'),(1916,4,5,'AVAILABLE'),(1917,4,4,'AVAILABLE'),(1918,4,3,'AVAILABLE'),(1919,4,2,'AVAILABLE'),(1920,4,1,'AVAILABLE'),(1921,5,40,'AVAILABLE'),(1922,5,39,'AVAILABLE'),(1923,5,38,'AVAILABLE'),(1924,5,37,'AVAILABLE'),(1925,5,36,'BOOKED'),(1926,5,35,'BOOKED'),(1927,5,34,'AVAILABLE'),(1928,5,33,'AVAILABLE'),(1929,5,32,'AVAILABLE'),(1930,5,31,'AVAILABLE'),(1931,5,30,'AVAILABLE'),(1932,5,29,'AVAILABLE'),(1933,5,28,'AVAILABLE'),(1934,5,27,'BOOKED'),(1935,5,26,'AVAILABLE'),(1936,5,25,'AVAILABLE'),(1937,5,24,'AVAILABLE'),(1938,5,23,'AVAILABLE'),(1939,5,22,'AVAILABLE'),(1940,5,21,'AVAILABLE'),(1941,5,20,'AVAILABLE'),(1942,5,19,'BOOKED'),(1943,5,18,'AVAILABLE'),(1944,5,17,'AVAILABLE'),(1945,5,16,'AVAILABLE'),(1946,5,15,'BOOKED'),(1947,5,14,'AVAILABLE'),(1948,5,13,'AVAILABLE'),(1949,5,12,'AVAILABLE'),(1950,5,11,'AVAILABLE'),(1951,5,10,'AVAILABLE'),(1952,5,9,'AVAILABLE'),(1953,5,8,'AVAILABLE'),(1954,5,7,'AVAILABLE'),(1955,5,6,'AVAILABLE'),(1956,5,5,'AVAILABLE'),(1957,5,4,'AVAILABLE'),(1958,5,3,'AVAILABLE'),(1959,5,2,'AVAILABLE'),(1960,5,1,'AVAILABLE'),(1961,6,40,'AVAILABLE'),(1962,6,39,'AVAILABLE'),(1963,6,38,'AVAILABLE'),(1964,6,37,'AVAILABLE'),(1965,6,36,'BOOKED'),(1966,6,35,'BOOKED'),(1967,6,34,'AVAILABLE'),(1968,6,33,'AVAILABLE'),(1969,6,32,'BOOKED'),(1970,6,31,'AVAILABLE'),(1971,6,30,'AVAILABLE'),(1972,6,29,'AVAILABLE'),(1973,6,28,'BOOKED'),(1974,6,27,'BOOKED'),(1975,6,26,'AVAILABLE'),(1976,6,25,'AVAILABLE'),(1977,6,24,'BOOKED'),(1978,6,23,'AVAILABLE'),(1979,6,22,'AVAILABLE'),(1980,6,21,'AVAILABLE'),(1981,6,20,'BOOKED'),(1982,6,19,'BOOKED'),(1983,6,18,'AVAILABLE'),(1984,6,17,'AVAILABLE'),(1985,6,16,'BOOKED'),(1986,6,15,'BOOKED'),(1987,6,14,'AVAILABLE'),(1988,6,13,'AVAILABLE'),(1989,6,12,'BOOKED'),(1990,6,11,'AVAILABLE'),(1991,6,10,'AVAILABLE'),(1992,6,9,'AVAILABLE'),(1993,6,8,'BOOKED'),(1994,6,7,'BOOKED'),(1995,6,6,'BOOKED'),(1996,6,5,'BOOKED'),(1997,6,4,'BOOKED'),(1998,6,3,'BOOKED'),(1999,6,2,'BOOKED'),(2000,6,1,'BOOKED'),(2001,7,40,'AVAILABLE'),(2002,7,39,'AVAILABLE'),(2003,7,38,'AVAILABLE'),(2004,7,37,'AVAILABLE'),(2005,7,36,'BOOKED'),(2006,7,35,'BOOKED'),(2007,7,34,'AVAILABLE'),(2008,7,33,'AVAILABLE'),(2009,7,32,'AVAILABLE'),(2010,7,31,'AVAILABLE'),(2011,7,30,'AVAILABLE'),(2012,7,29,'AVAILABLE'),(2013,7,28,'AVAILABLE'),(2014,7,27,'BOOKED'),(2015,7,26,'AVAILABLE'),(2016,7,25,'AVAILABLE'),(2017,7,24,'AVAILABLE'),(2018,7,23,'AVAILABLE'),(2019,7,22,'AVAILABLE'),(2020,7,21,'AVAILABLE'),(2021,7,20,'AVAILABLE'),(2022,7,19,'BOOKED'),(2023,7,18,'AVAILABLE'),(2024,7,17,'AVAILABLE'),(2025,7,16,'AVAILABLE'),(2026,7,15,'BOOKED'),(2027,7,14,'AVAILABLE'),(2028,7,13,'AVAILABLE'),(2029,7,12,'AVAILABLE'),(2030,7,11,'AVAILABLE'),(2031,7,10,'AVAILABLE'),(2032,7,9,'AVAILABLE'),(2033,7,8,'AVAILABLE'),(2034,7,7,'AVAILABLE'),(2035,7,6,'AVAILABLE'),(2036,7,5,'AVAILABLE'),(2037,7,4,'AVAILABLE'),(2038,7,3,'AVAILABLE'),(2039,7,2,'AVAILABLE'),(2040,7,1,'AVAILABLE'),(2041,8,40,'AVAILABLE'),(2042,8,39,'AVAILABLE'),(2043,8,38,'AVAILABLE'),(2044,8,37,'AVAILABLE'),(2045,8,36,'BOOKED'),(2046,8,35,'BOOKED'),(2047,8,34,'AVAILABLE'),(2048,8,33,'AVAILABLE'),(2049,8,32,'AVAILABLE'),(2050,8,31,'AVAILABLE'),(2051,8,30,'AVAILABLE'),(2052,8,29,'AVAILABLE'),(2053,8,28,'AVAILABLE'),(2054,8,27,'BOOKED'),(2055,8,26,'AVAILABLE'),(2056,8,25,'AVAILABLE'),(2057,8,24,'AVAILABLE'),(2058,8,23,'AVAILABLE'),(2059,8,22,'AVAILABLE'),(2060,8,21,'AVAILABLE'),(2061,8,20,'AVAILABLE'),(2062,8,19,'BOOKED'),(2063,8,18,'AVAILABLE'),(2064,8,17,'AVAILABLE'),(2065,8,16,'AVAILABLE'),(2066,8,15,'BOOKED'),(2067,8,14,'AVAILABLE'),(2068,8,13,'AVAILABLE'),(2069,8,12,'AVAILABLE'),(2070,8,11,'AVAILABLE'),(2071,8,10,'AVAILABLE'),(2072,8,9,'AVAILABLE'),(2073,8,8,'AVAILABLE'),(2074,8,7,'AVAILABLE'),(2075,8,6,'AVAILABLE'),(2076,8,5,'AVAILABLE'),(2077,8,4,'AVAILABLE'),(2078,8,3,'AVAILABLE'),(2079,8,2,'AVAILABLE'),(2080,8,1,'AVAILABLE'),(2081,9,40,'AVAILABLE'),(2082,9,39,'AVAILABLE'),(2083,9,38,'AVAILABLE'),(2084,9,37,'AVAILABLE'),(2085,9,36,'BOOKED'),(2086,9,35,'BOOKED'),(2087,9,34,'AVAILABLE'),(2088,9,33,'AVAILABLE'),(2089,9,32,'AVAILABLE'),(2090,9,31,'AVAILABLE'),(2091,9,30,'AVAILABLE'),(2092,9,29,'AVAILABLE'),(2093,9,28,'AVAILABLE'),(2094,9,27,'BOOKED'),(2095,9,26,'AVAILABLE'),(2096,9,25,'AVAILABLE'),(2097,9,24,'AVAILABLE'),(2098,9,23,'AVAILABLE'),(2099,9,22,'AVAILABLE'),(2100,9,21,'AVAILABLE'),(2101,9,20,'AVAILABLE'),(2102,9,19,'BOOKED'),(2103,9,18,'AVAILABLE'),(2104,9,17,'AVAILABLE'),(2105,9,16,'AVAILABLE'),(2106,9,15,'BOOKED'),(2107,9,14,'AVAILABLE'),(2108,9,13,'AVAILABLE'),(2109,9,12,'AVAILABLE'),(2110,9,11,'AVAILABLE'),(2111,9,10,'AVAILABLE'),(2112,9,9,'AVAILABLE'),(2113,9,8,'AVAILABLE'),(2114,9,7,'AVAILABLE'),(2115,9,6,'AVAILABLE'),(2116,9,5,'AVAILABLE'),(2117,9,4,'AVAILABLE'),(2118,9,3,'AVAILABLE'),(2119,9,2,'AVAILABLE'),(2120,9,1,'AVAILABLE'),(2121,10,40,'AVAILABLE'),(2122,10,39,'AVAILABLE'),(2123,10,38,'AVAILABLE'),(2124,10,37,'AVAILABLE'),(2125,10,36,'BOOKED'),(2126,10,35,'BOOKED'),(2127,10,34,'AVAILABLE'),(2128,10,33,'AVAILABLE'),(2129,10,32,'AVAILABLE'),(2130,10,31,'AVAILABLE'),(2131,10,30,'AVAILABLE'),(2132,10,29,'AVAILABLE'),(2133,10,28,'AVAILABLE'),(2134,10,27,'BOOKED'),(2135,10,26,'AVAILABLE'),(2136,10,25,'AVAILABLE'),(2137,10,24,'AVAILABLE'),(2138,10,23,'AVAILABLE'),(2139,10,22,'AVAILABLE'),(2140,10,21,'AVAILABLE'),(2141,10,20,'AVAILABLE'),(2142,10,19,'BOOKED'),(2143,10,18,'AVAILABLE'),(2144,10,17,'AVAILABLE'),(2145,10,16,'AVAILABLE'),(2146,10,15,'BOOKED'),(2147,10,14,'AVAILABLE'),(2148,10,13,'AVAILABLE'),(2149,10,12,'AVAILABLE'),(2150,10,11,'AVAILABLE'),(2151,10,10,'AVAILABLE'),(2152,10,9,'AVAILABLE'),(2153,10,8,'AVAILABLE'),(2154,10,7,'AVAILABLE'),(2155,10,6,'AVAILABLE'),(2156,10,5,'AVAILABLE'),(2157,10,4,'AVAILABLE'),(2158,10,3,'AVAILABLE'),(2159,10,2,'AVAILABLE'),(2160,10,1,'AVAILABLE'),(2161,11,40,'AVAILABLE'),(2162,11,39,'AVAILABLE'),(2163,11,38,'AVAILABLE'),(2164,11,37,'AVAILABLE'),(2165,11,36,'BOOKED'),(2166,11,35,'BOOKED'),(2167,11,34,'AVAILABLE'),(2168,11,33,'AVAILABLE'),(2169,11,32,'AVAILABLE'),(2170,11,31,'AVAILABLE'),(2171,11,30,'AVAILABLE'),(2172,11,29,'AVAILABLE'),(2173,11,28,'AVAILABLE'),(2174,11,27,'BOOKED'),(2175,11,26,'AVAILABLE'),(2176,11,25,'AVAILABLE'),(2177,11,24,'AVAILABLE'),(2178,11,23,'AVAILABLE'),(2179,11,22,'AVAILABLE'),(2180,11,21,'AVAILABLE'),(2181,11,20,'AVAILABLE'),(2182,11,19,'BOOKED'),(2183,11,18,'AVAILABLE'),(2184,11,17,'AVAILABLE'),(2185,11,16,'AVAILABLE'),(2186,11,15,'BOOKED'),(2187,11,14,'AVAILABLE'),(2188,11,13,'AVAILABLE'),(2189,11,12,'AVAILABLE'),(2190,11,11,'AVAILABLE'),(2191,11,10,'AVAILABLE'),(2192,11,9,'AVAILABLE'),(2193,11,8,'AVAILABLE'),(2194,11,7,'AVAILABLE'),(2195,11,6,'AVAILABLE'),(2196,11,5,'AVAILABLE'),(2197,11,4,'AVAILABLE'),(2198,11,3,'AVAILABLE'),(2199,11,2,'AVAILABLE'),(2200,11,1,'AVAILABLE'),(2201,12,40,'AVAILABLE'),(2202,12,39,'AVAILABLE'),(2203,12,38,'AVAILABLE'),(2204,12,37,'AVAILABLE'),(2205,12,36,'BOOKED'),(2206,12,35,'BOOKED'),(2207,12,34,'AVAILABLE'),(2208,12,33,'AVAILABLE'),(2209,12,32,'AVAILABLE'),(2210,12,31,'AVAILABLE'),(2211,12,30,'AVAILABLE'),(2212,12,29,'AVAILABLE'),(2213,12,28,'AVAILABLE'),(2214,12,27,'BOOKED'),(2215,12,26,'AVAILABLE'),(2216,12,25,'AVAILABLE'),(2217,12,24,'AVAILABLE'),(2218,12,23,'AVAILABLE'),(2219,12,22,'AVAILABLE'),(2220,12,21,'AVAILABLE'),(2221,12,20,'AVAILABLE'),(2222,12,19,'BOOKED'),(2223,12,18,'AVAILABLE'),(2224,12,17,'AVAILABLE'),(2225,12,16,'AVAILABLE'),(2226,12,15,'BOOKED'),(2227,12,14,'AVAILABLE'),(2228,12,13,'AVAILABLE'),(2229,12,12,'AVAILABLE'),(2230,12,11,'AVAILABLE'),(2231,12,10,'AVAILABLE'),(2232,12,9,'AVAILABLE'),(2233,12,8,'AVAILABLE'),(2234,12,7,'AVAILABLE'),(2235,12,6,'AVAILABLE'),(2236,12,5,'AVAILABLE'),(2237,12,4,'AVAILABLE'),(2238,12,3,'AVAILABLE'),(2239,12,2,'AVAILABLE'),(2240,12,1,'AVAILABLE'),(2241,13,40,'AVAILABLE'),(2242,13,39,'AVAILABLE'),(2243,13,38,'AVAILABLE'),(2244,13,37,'AVAILABLE'),(2245,13,36,'BOOKED'),(2246,13,35,'BOOKED'),(2247,13,34,'AVAILABLE'),(2248,13,33,'AVAILABLE'),(2249,13,32,'AVAILABLE'),(2250,13,31,'AVAILABLE'),(2251,13,30,'AVAILABLE'),(2252,13,29,'AVAILABLE'),(2253,13,28,'AVAILABLE'),(2254,13,27,'BOOKED'),(2255,13,26,'AVAILABLE'),(2256,13,25,'AVAILABLE'),(2257,13,24,'AVAILABLE'),(2258,13,23,'AVAILABLE'),(2259,13,22,'AVAILABLE'),(2260,13,21,'AVAILABLE'),(2261,13,20,'AVAILABLE'),(2262,13,19,'BOOKED'),(2263,13,18,'AVAILABLE'),(2264,13,17,'AVAILABLE'),(2265,13,16,'AVAILABLE'),(2266,13,15,'BOOKED'),(2267,13,14,'AVAILABLE'),(2268,13,13,'AVAILABLE'),(2269,13,12,'AVAILABLE'),(2270,13,11,'AVAILABLE'),(2271,13,10,'AVAILABLE'),(2272,13,9,'AVAILABLE'),(2273,13,8,'AVAILABLE'),(2274,13,7,'AVAILABLE'),(2275,13,6,'AVAILABLE'),(2276,13,5,'AVAILABLE'),(2277,13,4,'AVAILABLE'),(2278,13,3,'AVAILABLE'),(2279,13,2,'AVAILABLE'),(2280,13,1,'AVAILABLE'),(2281,14,40,'AVAILABLE'),(2282,14,39,'AVAILABLE'),(2283,14,38,'AVAILABLE'),(2284,14,37,'AVAILABLE'),(2285,14,36,'BOOKED'),(2286,14,35,'BOOKED'),(2287,14,34,'AVAILABLE'),(2288,14,33,'AVAILABLE'),(2289,14,32,'AVAILABLE'),(2290,14,31,'AVAILABLE'),(2291,14,30,'AVAILABLE'),(2292,14,29,'AVAILABLE'),(2293,14,28,'AVAILABLE'),(2294,14,27,'BOOKED'),(2295,14,26,'AVAILABLE'),(2296,14,25,'AVAILABLE'),(2297,14,24,'AVAILABLE'),(2298,14,23,'AVAILABLE'),(2299,14,22,'AVAILABLE'),(2300,14,21,'AVAILABLE'),(2301,14,20,'AVAILABLE'),(2302,14,19,'BOOKED'),(2303,14,18,'AVAILABLE'),(2304,14,17,'AVAILABLE'),(2305,14,16,'AVAILABLE'),(2306,14,15,'BOOKED'),(2307,14,14,'AVAILABLE'),(2308,14,13,'AVAILABLE'),(2309,14,12,'AVAILABLE'),(2310,14,11,'AVAILABLE'),(2311,14,10,'AVAILABLE'),(2312,14,9,'AVAILABLE'),(2313,14,8,'AVAILABLE'),(2314,14,7,'AVAILABLE'),(2315,14,6,'AVAILABLE'),(2316,14,5,'AVAILABLE'),(2317,14,4,'AVAILABLE'),(2318,14,3,'AVAILABLE'),(2319,14,2,'AVAILABLE'),(2320,14,1,'AVAILABLE'),(2321,15,40,'AVAILABLE'),(2322,15,39,'AVAILABLE'),(2323,15,38,'AVAILABLE'),(2324,15,37,'AVAILABLE'),(2325,15,36,'BOOKED'),(2326,15,35,'BOOKED'),(2327,15,34,'AVAILABLE'),(2328,15,33,'AVAILABLE'),(2329,15,32,'AVAILABLE'),(2330,15,31,'AVAILABLE'),(2331,15,30,'AVAILABLE'),(2332,15,29,'AVAILABLE'),(2333,15,28,'AVAILABLE'),(2334,15,27,'BOOKED'),(2335,15,26,'AVAILABLE'),(2336,15,25,'AVAILABLE'),(2337,15,24,'AVAILABLE'),(2338,15,23,'AVAILABLE'),(2339,15,22,'AVAILABLE'),(2340,15,21,'AVAILABLE'),(2341,15,20,'AVAILABLE'),(2342,15,19,'BOOKED'),(2343,15,18,'AVAILABLE'),(2344,15,17,'AVAILABLE'),(2345,15,16,'AVAILABLE'),(2346,15,15,'BOOKED'),(2347,15,14,'AVAILABLE'),(2348,15,13,'AVAILABLE'),(2349,15,12,'AVAILABLE'),(2350,15,11,'AVAILABLE'),(2351,15,10,'AVAILABLE'),(2352,15,9,'AVAILABLE'),(2353,15,8,'AVAILABLE'),(2354,15,7,'AVAILABLE'),(2355,15,6,'AVAILABLE'),(2356,15,5,'AVAILABLE'),(2357,15,4,'AVAILABLE'),(2358,15,3,'AVAILABLE'),(2359,15,2,'AVAILABLE'),(2360,15,1,'AVAILABLE'),(2361,16,40,'AVAILABLE'),(2362,16,39,'AVAILABLE'),(2363,16,38,'AVAILABLE'),(2364,16,37,'AVAILABLE'),(2365,16,36,'BOOKED'),(2366,16,35,'BOOKED'),(2367,16,34,'AVAILABLE'),(2368,16,33,'AVAILABLE'),(2369,16,32,'AVAILABLE'),(2370,16,31,'AVAILABLE'),(2371,16,30,'AVAILABLE'),(2372,16,29,'AVAILABLE'),(2373,16,28,'AVAILABLE'),(2374,16,27,'BOOKED'),(2375,16,26,'AVAILABLE'),(2376,16,25,'AVAILABLE'),(2377,16,24,'AVAILABLE'),(2378,16,23,'AVAILABLE'),(2379,16,22,'AVAILABLE'),(2380,16,21,'AVAILABLE'),(2381,16,20,'AVAILABLE'),(2382,16,19,'BOOKED'),(2383,16,18,'AVAILABLE'),(2384,16,17,'AVAILABLE'),(2385,16,16,'AVAILABLE'),(2386,16,15,'BOOKED'),(2387,16,14,'AVAILABLE'),(2388,16,13,'AVAILABLE'),(2389,16,12,'AVAILABLE'),(2390,16,11,'AVAILABLE'),(2391,16,10,'AVAILABLE'),(2392,16,9,'AVAILABLE'),(2393,16,8,'AVAILABLE'),(2394,16,7,'AVAILABLE'),(2395,16,6,'AVAILABLE'),(2396,16,5,'AVAILABLE'),(2397,16,4,'AVAILABLE'),(2398,16,3,'AVAILABLE'),(2399,16,2,'AVAILABLE'),(2400,16,1,'AVAILABLE'),(2401,17,40,'AVAILABLE'),(2402,17,39,'AVAILABLE'),(2403,17,38,'AVAILABLE'),(2404,17,37,'AVAILABLE'),(2405,17,36,'BOOKED'),(2406,17,35,'BOOKED'),(2407,17,34,'AVAILABLE'),(2408,17,33,'AVAILABLE'),(2409,17,32,'AVAILABLE'),(2410,17,31,'AVAILABLE'),(2411,17,30,'AVAILABLE'),(2412,17,29,'AVAILABLE'),(2413,17,28,'AVAILABLE'),(2414,17,27,'BOOKED'),(2415,17,26,'AVAILABLE'),(2416,17,25,'AVAILABLE'),(2417,17,24,'AVAILABLE'),(2418,17,23,'AVAILABLE'),(2419,17,22,'AVAILABLE'),(2420,17,21,'AVAILABLE'),(2421,17,20,'AVAILABLE'),(2422,17,19,'BOOKED'),(2423,17,18,'AVAILABLE'),(2424,17,17,'AVAILABLE'),(2425,17,16,'AVAILABLE'),(2426,17,15,'BOOKED'),(2427,17,14,'AVAILABLE'),(2428,17,13,'AVAILABLE'),(2429,17,12,'AVAILABLE'),(2430,17,11,'AVAILABLE'),(2431,17,10,'AVAILABLE'),(2432,17,9,'AVAILABLE'),(2433,17,8,'AVAILABLE'),(2434,17,7,'AVAILABLE'),(2435,17,6,'AVAILABLE'),(2436,17,5,'AVAILABLE'),(2437,17,4,'AVAILABLE'),(2438,17,3,'AVAILABLE'),(2439,17,2,'AVAILABLE'),(2440,17,1,'AVAILABLE'),(2441,18,40,'AVAILABLE'),(2442,18,39,'AVAILABLE'),(2443,18,38,'AVAILABLE'),(2444,18,37,'AVAILABLE'),(2445,18,36,'BOOKED'),(2446,18,35,'BOOKED'),(2447,18,34,'AVAILABLE'),(2448,18,33,'AVAILABLE'),(2449,18,32,'AVAILABLE'),(2450,18,31,'AVAILABLE'),(2451,18,30,'AVAILABLE'),(2452,18,29,'AVAILABLE'),(2453,18,28,'AVAILABLE'),(2454,18,27,'BOOKED'),(2455,18,26,'AVAILABLE'),(2456,18,25,'AVAILABLE'),(2457,18,24,'AVAILABLE'),(2458,18,23,'AVAILABLE'),(2459,18,22,'AVAILABLE'),(2460,18,21,'AVAILABLE'),(2461,18,20,'AVAILABLE'),(2462,18,19,'BOOKED'),(2463,18,18,'AVAILABLE'),(2464,18,17,'AVAILABLE'),(2465,18,16,'AVAILABLE'),(2466,18,15,'BOOKED'),(2467,18,14,'AVAILABLE'),(2468,18,13,'AVAILABLE'),(2469,18,12,'AVAILABLE'),(2470,18,11,'AVAILABLE'),(2471,18,10,'AVAILABLE'),(2472,18,9,'AVAILABLE'),(2473,18,8,'AVAILABLE'),(2474,18,7,'AVAILABLE'),(2475,18,6,'AVAILABLE'),(2476,18,5,'AVAILABLE'),(2477,18,4,'AVAILABLE'),(2478,18,3,'AVAILABLE'),(2479,18,2,'AVAILABLE'),(2480,18,1,'AVAILABLE'),(2481,19,40,'AVAILABLE'),(2482,19,39,'AVAILABLE'),(2483,19,38,'AVAILABLE'),(2484,19,37,'AVAILABLE'),(2485,19,36,'BOOKED'),(2486,19,35,'BOOKED'),(2487,19,34,'AVAILABLE'),(2488,19,33,'AVAILABLE'),(2489,19,32,'AVAILABLE'),(2490,19,31,'AVAILABLE'),(2491,19,30,'AVAILABLE'),(2492,19,29,'AVAILABLE'),(2493,19,28,'AVAILABLE'),(2494,19,27,'BOOKED'),(2495,19,26,'AVAILABLE'),(2496,19,25,'AVAILABLE'),(2497,19,24,'AVAILABLE'),(2498,19,23,'AVAILABLE'),(2499,19,22,'AVAILABLE'),(2500,19,21,'AVAILABLE'),(2501,19,20,'AVAILABLE'),(2502,19,19,'BOOKED'),(2503,19,18,'AVAILABLE'),(2504,19,17,'AVAILABLE'),(2505,19,16,'AVAILABLE'),(2506,19,15,'BOOKED'),(2507,19,14,'AVAILABLE'),(2508,19,13,'AVAILABLE'),(2509,19,12,'AVAILABLE'),(2510,19,11,'AVAILABLE'),(2511,19,10,'AVAILABLE'),(2512,19,9,'AVAILABLE'),(2513,19,8,'AVAILABLE'),(2514,19,7,'AVAILABLE'),(2515,19,6,'AVAILABLE'),(2516,19,5,'AVAILABLE'),(2517,19,4,'AVAILABLE'),(2518,19,3,'AVAILABLE'),(2519,19,2,'AVAILABLE'),(2520,19,1,'AVAILABLE'),(2521,20,40,'AVAILABLE'),(2522,20,39,'AVAILABLE'),(2523,20,38,'AVAILABLE'),(2524,20,37,'AVAILABLE'),(2525,20,36,'BOOKED'),(2526,20,35,'BOOKED'),(2527,20,34,'AVAILABLE'),(2528,20,33,'AVAILABLE'),(2529,20,32,'AVAILABLE'),(2530,20,31,'AVAILABLE'),(2531,20,30,'AVAILABLE'),(2532,20,29,'AVAILABLE'),(2533,20,28,'AVAILABLE'),(2534,20,27,'BOOKED'),(2535,20,26,'AVAILABLE'),(2536,20,25,'AVAILABLE'),(2537,20,24,'AVAILABLE'),(2538,20,23,'AVAILABLE'),(2539,20,22,'AVAILABLE'),(2540,20,21,'AVAILABLE'),(2541,20,20,'AVAILABLE'),(2542,20,19,'BOOKED'),(2543,20,18,'AVAILABLE'),(2544,20,17,'AVAILABLE'),(2545,20,16,'AVAILABLE'),(2546,20,15,'BOOKED'),(2547,20,14,'AVAILABLE'),(2548,20,13,'AVAILABLE'),(2549,20,12,'AVAILABLE'),(2550,20,11,'AVAILABLE'),(2551,20,10,'AVAILABLE'),(2552,20,9,'AVAILABLE'),(2553,20,8,'AVAILABLE'),(2554,20,7,'AVAILABLE'),(2555,20,6,'AVAILABLE'),(2556,20,5,'AVAILABLE'),(2557,20,4,'AVAILABLE'),(2558,20,3,'AVAILABLE'),(2559,20,2,'AVAILABLE'),(2560,20,1,'AVAILABLE'),(2561,21,40,'AVAILABLE'),(2562,21,39,'AVAILABLE'),(2563,21,38,'AVAILABLE'),(2564,21,37,'AVAILABLE'),(2565,21,36,'BOOKED'),(2566,21,35,'BOOKED'),(2567,21,34,'AVAILABLE'),(2568,21,33,'AVAILABLE'),(2569,21,32,'AVAILABLE'),(2570,21,31,'AVAILABLE'),(2571,21,30,'AVAILABLE'),(2572,21,29,'AVAILABLE'),(2573,21,28,'AVAILABLE'),(2574,21,27,'BOOKED'),(2575,21,26,'AVAILABLE'),(2576,21,25,'AVAILABLE'),(2577,21,24,'AVAILABLE'),(2578,21,23,'AVAILABLE'),(2579,21,22,'AVAILABLE'),(2580,21,21,'AVAILABLE'),(2581,21,20,'AVAILABLE'),(2582,21,19,'BOOKED'),(2583,21,18,'AVAILABLE'),(2584,21,17,'AVAILABLE'),(2585,21,16,'AVAILABLE'),(2586,21,15,'BOOKED'),(2587,21,14,'AVAILABLE'),(2588,21,13,'AVAILABLE'),(2589,21,12,'AVAILABLE'),(2590,21,11,'AVAILABLE'),(2591,21,10,'AVAILABLE'),(2592,21,9,'AVAILABLE'),(2593,21,8,'AVAILABLE'),(2594,21,7,'AVAILABLE'),(2595,21,6,'AVAILABLE'),(2596,21,5,'AVAILABLE'),(2597,21,4,'AVAILABLE'),(2598,21,3,'AVAILABLE'),(2599,21,2,'AVAILABLE'),(2600,21,1,'AVAILABLE'),(2601,22,40,'AVAILABLE'),(2602,22,39,'AVAILABLE'),(2603,22,38,'AVAILABLE'),(2604,22,37,'AVAILABLE'),(2605,22,36,'BOOKED'),(2606,22,35,'BOOKED'),(2607,22,34,'AVAILABLE'),(2608,22,33,'AVAILABLE'),(2609,22,32,'AVAILABLE'),(2610,22,31,'AVAILABLE'),(2611,22,30,'AVAILABLE'),(2612,22,29,'AVAILABLE'),(2613,22,28,'AVAILABLE'),(2614,22,27,'BOOKED'),(2615,22,26,'AVAILABLE'),(2616,22,25,'AVAILABLE'),(2617,22,24,'AVAILABLE'),(2618,22,23,'AVAILABLE'),(2619,22,22,'AVAILABLE'),(2620,22,21,'AVAILABLE'),(2621,22,20,'AVAILABLE'),(2622,22,19,'BOOKED'),(2623,22,18,'AVAILABLE'),(2624,22,17,'AVAILABLE'),(2625,22,16,'AVAILABLE'),(2626,22,15,'BOOKED'),(2627,22,14,'AVAILABLE'),(2628,22,13,'AVAILABLE'),(2629,22,12,'AVAILABLE'),(2630,22,11,'AVAILABLE'),(2631,22,10,'AVAILABLE'),(2632,22,9,'AVAILABLE'),(2633,22,8,'AVAILABLE'),(2634,22,7,'AVAILABLE'),(2635,22,6,'AVAILABLE'),(2636,22,5,'AVAILABLE'),(2637,22,4,'AVAILABLE'),(2638,22,3,'AVAILABLE'),(2639,22,2,'AVAILABLE'),(2640,22,1,'AVAILABLE'),(2641,23,40,'AVAILABLE'),(2642,23,39,'AVAILABLE'),(2643,23,38,'AVAILABLE'),(2644,23,37,'AVAILABLE'),(2645,23,36,'BOOKED'),(2646,23,35,'BOOKED'),(2647,23,34,'AVAILABLE'),(2648,23,33,'AVAILABLE'),(2649,23,32,'AVAILABLE'),(2650,23,31,'AVAILABLE'),(2651,23,30,'AVAILABLE'),(2652,23,29,'AVAILABLE'),(2653,23,28,'AVAILABLE'),(2654,23,27,'BOOKED'),(2655,23,26,'AVAILABLE'),(2656,23,25,'AVAILABLE'),(2657,23,24,'AVAILABLE'),(2658,23,23,'AVAILABLE'),(2659,23,22,'AVAILABLE'),(2660,23,21,'AVAILABLE'),(2661,23,20,'AVAILABLE'),(2662,23,19,'BOOKED'),(2663,23,18,'AVAILABLE'),(2664,23,17,'AVAILABLE'),(2665,23,16,'AVAILABLE'),(2666,23,15,'BOOKED'),(2667,23,14,'AVAILABLE'),(2668,23,13,'AVAILABLE'),(2669,23,12,'AVAILABLE'),(2670,23,11,'AVAILABLE'),(2671,23,10,'AVAILABLE'),(2672,23,9,'AVAILABLE'),(2673,23,8,'AVAILABLE'),(2674,23,7,'AVAILABLE'),(2675,23,6,'AVAILABLE'),(2676,23,5,'AVAILABLE'),(2677,23,4,'AVAILABLE'),(2678,23,3,'AVAILABLE'),(2679,23,2,'AVAILABLE'),(2680,23,1,'AVAILABLE'),(2681,24,40,'AVAILABLE'),(2682,24,39,'AVAILABLE'),(2683,24,38,'AVAILABLE'),(2684,24,37,'AVAILABLE'),(2685,24,36,'BOOKED'),(2686,24,35,'BOOKED'),(2687,24,34,'AVAILABLE'),(2688,24,33,'AVAILABLE'),(2689,24,32,'AVAILABLE'),(2690,24,31,'AVAILABLE'),(2691,24,30,'AVAILABLE'),(2692,24,29,'AVAILABLE'),(2693,24,28,'AVAILABLE'),(2694,24,27,'BOOKED'),(2695,24,26,'AVAILABLE'),(2696,24,25,'AVAILABLE'),(2697,24,24,'AVAILABLE'),(2698,24,23,'AVAILABLE'),(2699,24,22,'AVAILABLE'),(2700,24,21,'AVAILABLE'),(2701,24,20,'AVAILABLE'),(2702,24,19,'BOOKED'),(2703,24,18,'AVAILABLE'),(2704,24,17,'AVAILABLE'),(2705,24,16,'AVAILABLE'),(2706,24,15,'BOOKED'),(2707,24,14,'AVAILABLE'),(2708,24,13,'AVAILABLE'),(2709,24,12,'AVAILABLE'),(2710,24,11,'AVAILABLE'),(2711,24,10,'AVAILABLE'),(2712,24,9,'AVAILABLE'),(2713,24,8,'AVAILABLE'),(2714,24,7,'AVAILABLE'),(2715,24,6,'AVAILABLE'),(2716,24,5,'AVAILABLE'),(2717,24,4,'AVAILABLE'),(2718,24,3,'AVAILABLE'),(2719,24,2,'AVAILABLE'),(2720,24,1,'AVAILABLE'),(2721,25,40,'AVAILABLE'),(2722,25,39,'AVAILABLE'),(2723,25,38,'AVAILABLE'),(2724,25,37,'AVAILABLE'),(2725,25,36,'BOOKED'),(2726,25,35,'BOOKED'),(2727,25,34,'AVAILABLE'),(2728,25,33,'AVAILABLE'),(2729,25,32,'AVAILABLE'),(2730,25,31,'AVAILABLE'),(2731,25,30,'AVAILABLE'),(2732,25,29,'AVAILABLE'),(2733,25,28,'AVAILABLE'),(2734,25,27,'BOOKED'),(2735,25,26,'AVAILABLE'),(2736,25,25,'AVAILABLE'),(2737,25,24,'AVAILABLE'),(2738,25,23,'AVAILABLE'),(2739,25,22,'AVAILABLE'),(2740,25,21,'AVAILABLE'),(2741,25,20,'AVAILABLE'),(2742,25,19,'BOOKED'),(2743,25,18,'AVAILABLE'),(2744,25,17,'AVAILABLE'),(2745,25,16,'AVAILABLE'),(2746,25,15,'BOOKED'),(2747,25,14,'AVAILABLE'),(2748,25,13,'AVAILABLE'),(2749,25,12,'AVAILABLE'),(2750,25,11,'AVAILABLE'),(2751,25,10,'AVAILABLE'),(2752,25,9,'AVAILABLE'),(2753,25,8,'AVAILABLE'),(2754,25,7,'AVAILABLE'),(2755,25,6,'AVAILABLE'),(2756,25,5,'AVAILABLE'),(2757,25,4,'AVAILABLE'),(2758,25,3,'AVAILABLE'),(2759,25,2,'AVAILABLE'),(2760,25,1,'AVAILABLE'),(2761,26,40,'AVAILABLE'),(2762,26,39,'AVAILABLE'),(2763,26,38,'AVAILABLE'),(2764,26,37,'AVAILABLE'),(2765,26,36,'BOOKED'),(2766,26,35,'BOOKED'),(2767,26,34,'AVAILABLE'),(2768,26,33,'AVAILABLE'),(2769,26,32,'AVAILABLE'),(2770,26,31,'AVAILABLE'),(2771,26,30,'AVAILABLE'),(2772,26,29,'AVAILABLE'),(2773,26,28,'AVAILABLE'),(2774,26,27,'BOOKED'),(2775,26,26,'AVAILABLE'),(2776,26,25,'AVAILABLE'),(2777,26,24,'AVAILABLE'),(2778,26,23,'AVAILABLE'),(2779,26,22,'AVAILABLE'),(2780,26,21,'AVAILABLE'),(2781,26,20,'AVAILABLE'),(2782,26,19,'BOOKED'),(2783,26,18,'AVAILABLE'),(2784,26,17,'AVAILABLE'),(2785,26,16,'AVAILABLE'),(2786,26,15,'BOOKED'),(2787,26,14,'AVAILABLE'),(2788,26,13,'AVAILABLE'),(2789,26,12,'AVAILABLE'),(2790,26,11,'AVAILABLE'),(2791,26,10,'AVAILABLE'),(2792,26,9,'AVAILABLE'),(2793,26,8,'AVAILABLE'),(2794,26,7,'AVAILABLE'),(2795,26,6,'AVAILABLE'),(2796,26,5,'AVAILABLE'),(2797,26,4,'AVAILABLE'),(2798,26,3,'AVAILABLE'),(2799,26,2,'AVAILABLE'),(2800,26,1,'AVAILABLE'),(2801,27,40,'AVAILABLE'),(2802,27,39,'AVAILABLE'),(2803,27,38,'AVAILABLE'),(2804,27,37,'AVAILABLE'),(2805,27,36,'BOOKED'),(2806,27,35,'BOOKED'),(2807,27,34,'AVAILABLE'),(2808,27,33,'AVAILABLE'),(2809,27,32,'AVAILABLE'),(2810,27,31,'AVAILABLE'),(2811,27,30,'AVAILABLE'),(2812,27,29,'AVAILABLE'),(2813,27,28,'AVAILABLE'),(2814,27,27,'BOOKED'),(2815,27,26,'AVAILABLE'),(2816,27,25,'AVAILABLE'),(2817,27,24,'AVAILABLE'),(2818,27,23,'AVAILABLE'),(2819,27,22,'AVAILABLE'),(2820,27,21,'AVAILABLE'),(2821,27,20,'AVAILABLE'),(2822,27,19,'BOOKED'),(2823,27,18,'AVAILABLE'),(2824,27,17,'AVAILABLE'),(2825,27,16,'AVAILABLE'),(2826,27,15,'BOOKED'),(2827,27,14,'AVAILABLE'),(2828,27,13,'AVAILABLE'),(2829,27,12,'AVAILABLE'),(2830,27,11,'AVAILABLE'),(2831,27,10,'AVAILABLE'),(2832,27,9,'AVAILABLE'),(2833,27,8,'AVAILABLE'),(2834,27,7,'AVAILABLE'),(2835,27,6,'AVAILABLE'),(2836,27,5,'AVAILABLE'),(2837,27,4,'AVAILABLE'),(2838,27,3,'AVAILABLE'),(2839,27,2,'AVAILABLE'),(2840,27,1,'AVAILABLE'),(2841,28,40,'AVAILABLE'),(2842,28,39,'AVAILABLE'),(2843,28,38,'AVAILABLE'),(2844,28,37,'AVAILABLE'),(2845,28,36,'BOOKED'),(2846,28,35,'BOOKED'),(2847,28,34,'AVAILABLE'),(2848,28,33,'AVAILABLE'),(2849,28,32,'AVAILABLE'),(2850,28,31,'AVAILABLE'),(2851,28,30,'AVAILABLE'),(2852,28,29,'AVAILABLE'),(2853,28,28,'AVAILABLE'),(2854,28,27,'BOOKED'),(2855,28,26,'AVAILABLE'),(2856,28,25,'AVAILABLE'),(2857,28,24,'AVAILABLE'),(2858,28,23,'AVAILABLE'),(2859,28,22,'AVAILABLE'),(2860,28,21,'AVAILABLE'),(2861,28,20,'AVAILABLE'),(2862,28,19,'BOOKED'),(2863,28,18,'AVAILABLE'),(2864,28,17,'AVAILABLE'),(2865,28,16,'AVAILABLE'),(2866,28,15,'BOOKED'),(2867,28,14,'AVAILABLE'),(2868,28,13,'AVAILABLE'),(2869,28,12,'AVAILABLE'),(2870,28,11,'AVAILABLE'),(2871,28,10,'AVAILABLE'),(2872,28,9,'AVAILABLE'),(2873,28,8,'AVAILABLE'),(2874,28,7,'AVAILABLE'),(2875,28,6,'AVAILABLE'),(2876,28,5,'AVAILABLE'),(2877,28,4,'AVAILABLE'),(2878,28,3,'AVAILABLE'),(2879,28,2,'AVAILABLE'),(2880,28,1,'AVAILABLE'),(2881,29,40,'AVAILABLE'),(2882,29,39,'AVAILABLE'),(2883,29,38,'AVAILABLE'),(2884,29,37,'AVAILABLE'),(2885,29,36,'BOOKED'),(2886,29,35,'BOOKED'),(2887,29,34,'AVAILABLE'),(2888,29,33,'AVAILABLE'),(2889,29,32,'AVAILABLE'),(2890,29,31,'AVAILABLE'),(2891,29,30,'AVAILABLE'),(2892,29,29,'AVAILABLE'),(2893,29,28,'AVAILABLE'),(2894,29,27,'BOOKED'),(2895,29,26,'AVAILABLE'),(2896,29,25,'AVAILABLE'),(2897,29,24,'AVAILABLE'),(2898,29,23,'AVAILABLE'),(2899,29,22,'AVAILABLE'),(2900,29,21,'AVAILABLE'),(2901,29,20,'AVAILABLE'),(2902,29,19,'BOOKED'),(2903,29,18,'AVAILABLE'),(2904,29,17,'AVAILABLE'),(2905,29,16,'AVAILABLE'),(2906,29,15,'BOOKED'),(2907,29,14,'AVAILABLE'),(2908,29,13,'AVAILABLE'),(2909,29,12,'AVAILABLE'),(2910,29,11,'AVAILABLE'),(2911,29,10,'AVAILABLE'),(2912,29,9,'AVAILABLE'),(2913,29,8,'AVAILABLE'),(2914,29,7,'AVAILABLE'),(2915,29,6,'AVAILABLE'),(2916,29,5,'AVAILABLE'),(2917,29,4,'AVAILABLE'),(2918,29,3,'AVAILABLE'),(2919,29,2,'AVAILABLE'),(2920,29,1,'AVAILABLE'),(2921,30,40,'AVAILABLE'),(2922,30,39,'AVAILABLE'),(2923,30,38,'AVAILABLE'),(2924,30,37,'AVAILABLE'),(2925,30,36,'BOOKED'),(2926,30,35,'BOOKED'),(2927,30,34,'AVAILABLE'),(2928,30,33,'AVAILABLE'),(2929,30,32,'AVAILABLE'),(2930,30,31,'AVAILABLE'),(2931,30,30,'AVAILABLE'),(2932,30,29,'AVAILABLE'),(2933,30,28,'AVAILABLE'),(2934,30,27,'BOOKED'),(2935,30,26,'AVAILABLE'),(2936,30,25,'AVAILABLE'),(2937,30,24,'AVAILABLE'),(2938,30,23,'AVAILABLE'),(2939,30,22,'AVAILABLE'),(2940,30,21,'AVAILABLE'),(2941,30,20,'AVAILABLE'),(2942,30,19,'BOOKED'),(2943,30,18,'AVAILABLE'),(2944,30,17,'AVAILABLE'),(2945,30,16,'AVAILABLE'),(2946,30,15,'BOOKED'),(2947,30,14,'AVAILABLE'),(2948,30,13,'AVAILABLE'),(2949,30,12,'AVAILABLE'),(2950,30,11,'AVAILABLE'),(2951,30,10,'AVAILABLE'),(2952,30,9,'AVAILABLE'),(2953,30,8,'AVAILABLE'),(2954,30,7,'AVAILABLE'),(2955,30,6,'AVAILABLE'),(2956,30,5,'AVAILABLE'),(2957,30,4,'AVAILABLE'),(2958,30,3,'AVAILABLE'),(2959,30,2,'AVAILABLE'),(2960,30,1,'AVAILABLE'),(2961,31,40,'AVAILABLE'),(2962,31,39,'AVAILABLE'),(2963,31,38,'AVAILABLE'),(2964,31,37,'AVAILABLE'),(2965,31,36,'BOOKED'),(2966,31,35,'BOOKED'),(2967,31,34,'AVAILABLE'),(2968,31,33,'AVAILABLE'),(2969,31,32,'AVAILABLE'),(2970,31,31,'AVAILABLE'),(2971,31,30,'AVAILABLE'),(2972,31,29,'AVAILABLE'),(2973,31,28,'AVAILABLE'),(2974,31,27,'BOOKED'),(2975,31,26,'AVAILABLE'),(2976,31,25,'AVAILABLE'),(2977,31,24,'AVAILABLE'),(2978,31,23,'AVAILABLE'),(2979,31,22,'AVAILABLE'),(2980,31,21,'AVAILABLE'),(2981,31,20,'AVAILABLE'),(2982,31,19,'BOOKED'),(2983,31,18,'AVAILABLE'),(2984,31,17,'AVAILABLE'),(2985,31,16,'AVAILABLE'),(2986,31,15,'BOOKED'),(2987,31,14,'AVAILABLE'),(2988,31,13,'AVAILABLE'),(2989,31,12,'AVAILABLE'),(2990,31,11,'AVAILABLE'),(2991,31,10,'AVAILABLE'),(2992,31,9,'AVAILABLE'),(2993,31,8,'AVAILABLE'),(2994,31,7,'AVAILABLE'),(2995,31,6,'AVAILABLE'),(2996,31,5,'AVAILABLE'),(2997,31,4,'AVAILABLE'),(2998,31,3,'AVAILABLE'),(2999,31,2,'AVAILABLE'),(3000,31,1,'AVAILABLE'),(3001,32,40,'AVAILABLE'),(3002,32,39,'AVAILABLE'),(3003,32,38,'AVAILABLE'),(3004,32,37,'AVAILABLE'),(3005,32,36,'BOOKED'),(3006,32,35,'BOOKED'),(3007,32,34,'AVAILABLE'),(3008,32,33,'AVAILABLE'),(3009,32,32,'AVAILABLE'),(3010,32,31,'AVAILABLE'),(3011,32,30,'AVAILABLE'),(3012,32,29,'AVAILABLE'),(3013,32,28,'AVAILABLE'),(3014,32,27,'BOOKED'),(3015,32,26,'AVAILABLE'),(3016,32,25,'AVAILABLE'),(3017,32,24,'AVAILABLE'),(3018,32,23,'AVAILABLE'),(3019,32,22,'AVAILABLE'),(3020,32,21,'AVAILABLE'),(3021,32,20,'AVAILABLE'),(3022,32,19,'BOOKED'),(3023,32,18,'AVAILABLE'),(3024,32,17,'AVAILABLE'),(3025,32,16,'AVAILABLE'),(3026,32,15,'BOOKED'),(3027,32,14,'AVAILABLE'),(3028,32,13,'AVAILABLE'),(3029,32,12,'AVAILABLE'),(3030,32,11,'AVAILABLE'),(3031,32,10,'AVAILABLE'),(3032,32,9,'AVAILABLE'),(3033,32,8,'AVAILABLE'),(3034,32,7,'AVAILABLE'),(3035,32,6,'AVAILABLE'),(3036,32,5,'AVAILABLE'),(3037,32,4,'AVAILABLE'),(3038,32,3,'AVAILABLE'),(3039,32,2,'AVAILABLE'),(3040,32,1,'AVAILABLE'),(3041,33,40,'AVAILABLE'),(3042,33,39,'AVAILABLE'),(3043,33,38,'AVAILABLE'),(3044,33,37,'AVAILABLE'),(3045,33,36,'BOOKED'),(3046,33,35,'BOOKED'),(3047,33,34,'AVAILABLE'),(3048,33,33,'AVAILABLE'),(3049,33,32,'AVAILABLE'),(3050,33,31,'AVAILABLE'),(3051,33,30,'AVAILABLE'),(3052,33,29,'AVAILABLE'),(3053,33,28,'AVAILABLE'),(3054,33,27,'BOOKED'),(3055,33,26,'AVAILABLE'),(3056,33,25,'AVAILABLE'),(3057,33,24,'AVAILABLE'),(3058,33,23,'AVAILABLE'),(3059,33,22,'AVAILABLE'),(3060,33,21,'AVAILABLE'),(3061,33,20,'AVAILABLE'),(3062,33,19,'BOOKED'),(3063,33,18,'AVAILABLE'),(3064,33,17,'AVAILABLE'),(3065,33,16,'AVAILABLE'),(3066,33,15,'BOOKED'),(3067,33,14,'AVAILABLE'),(3068,33,13,'AVAILABLE'),(3069,33,12,'AVAILABLE'),(3070,33,11,'AVAILABLE'),(3071,33,10,'AVAILABLE'),(3072,33,9,'AVAILABLE'),(3073,33,8,'AVAILABLE'),(3074,33,7,'AVAILABLE'),(3075,33,6,'AVAILABLE'),(3076,33,5,'AVAILABLE'),(3077,33,4,'AVAILABLE'),(3078,33,3,'AVAILABLE'),(3079,33,2,'AVAILABLE'),(3080,33,1,'AVAILABLE'),(3081,34,40,'AVAILABLE'),(3082,34,39,'AVAILABLE'),(3083,34,38,'AVAILABLE'),(3084,34,37,'AVAILABLE'),(3085,34,36,'BOOKED'),(3086,34,35,'BOOKED'),(3087,34,34,'AVAILABLE'),(3088,34,33,'AVAILABLE'),(3089,34,32,'AVAILABLE'),(3090,34,31,'AVAILABLE'),(3091,34,30,'AVAILABLE'),(3092,34,29,'AVAILABLE'),(3093,34,28,'AVAILABLE'),(3094,34,27,'BOOKED'),(3095,34,26,'AVAILABLE'),(3096,34,25,'AVAILABLE'),(3097,34,24,'AVAILABLE'),(3098,34,23,'AVAILABLE'),(3099,34,22,'AVAILABLE'),(3100,34,21,'AVAILABLE'),(3101,34,20,'AVAILABLE'),(3102,34,19,'BOOKED'),(3103,34,18,'AVAILABLE'),(3104,34,17,'AVAILABLE'),(3105,34,16,'AVAILABLE'),(3106,34,15,'BOOKED'),(3107,34,14,'AVAILABLE'),(3108,34,13,'AVAILABLE'),(3109,34,12,'AVAILABLE'),(3110,34,11,'AVAILABLE'),(3111,34,10,'AVAILABLE'),(3112,34,9,'AVAILABLE'),(3113,34,8,'AVAILABLE'),(3114,34,7,'AVAILABLE'),(3115,34,6,'AVAILABLE'),(3116,34,5,'AVAILABLE'),(3117,34,4,'AVAILABLE'),(3118,34,3,'AVAILABLE'),(3119,34,2,'AVAILABLE'),(3120,34,1,'AVAILABLE'),(3121,35,40,'AVAILABLE'),(3122,35,39,'AVAILABLE'),(3123,35,38,'AVAILABLE'),(3124,35,37,'AVAILABLE'),(3125,35,36,'BOOKED'),(3126,35,35,'BOOKED'),(3127,35,34,'AVAILABLE'),(3128,35,33,'AVAILABLE'),(3129,35,32,'AVAILABLE'),(3130,35,31,'AVAILABLE'),(3131,35,30,'AVAILABLE'),(3132,35,29,'AVAILABLE'),(3133,35,28,'AVAILABLE'),(3134,35,27,'BOOKED'),(3135,35,26,'AVAILABLE'),(3136,35,25,'AVAILABLE'),(3137,35,24,'AVAILABLE'),(3138,35,23,'AVAILABLE'),(3139,35,22,'AVAILABLE'),(3140,35,21,'AVAILABLE'),(3141,35,20,'AVAILABLE'),(3142,35,19,'BOOKED'),(3143,35,18,'AVAILABLE'),(3144,35,17,'AVAILABLE'),(3145,35,16,'AVAILABLE'),(3146,35,15,'BOOKED'),(3147,35,14,'AVAILABLE'),(3148,35,13,'AVAILABLE'),(3149,35,12,'AVAILABLE'),(3150,35,11,'AVAILABLE'),(3151,35,10,'AVAILABLE'),(3152,35,9,'AVAILABLE'),(3153,35,8,'AVAILABLE'),(3154,35,7,'AVAILABLE'),(3155,35,6,'AVAILABLE'),(3156,35,5,'AVAILABLE'),(3157,35,4,'AVAILABLE'),(3158,35,3,'AVAILABLE'),(3159,35,2,'AVAILABLE'),(3160,35,1,'AVAILABLE'),(3161,36,40,'AVAILABLE'),(3162,36,39,'AVAILABLE'),(3163,36,38,'AVAILABLE'),(3164,36,37,'AVAILABLE'),(3165,36,36,'BOOKED'),(3166,36,35,'BOOKED'),(3167,36,34,'AVAILABLE'),(3168,36,33,'AVAILABLE'),(3169,36,32,'AVAILABLE'),(3170,36,31,'AVAILABLE'),(3171,36,30,'AVAILABLE'),(3172,36,29,'AVAILABLE'),(3173,36,28,'AVAILABLE'),(3174,36,27,'BOOKED'),(3175,36,26,'AVAILABLE'),(3176,36,25,'AVAILABLE'),(3177,36,24,'AVAILABLE'),(3178,36,23,'AVAILABLE'),(3179,36,22,'AVAILABLE'),(3180,36,21,'AVAILABLE'),(3181,36,20,'AVAILABLE'),(3182,36,19,'BOOKED'),(3183,36,18,'AVAILABLE'),(3184,36,17,'AVAILABLE'),(3185,36,16,'AVAILABLE'),(3186,36,15,'BOOKED'),(3187,36,14,'AVAILABLE'),(3188,36,13,'AVAILABLE'),(3189,36,12,'AVAILABLE'),(3190,36,11,'AVAILABLE'),(3191,36,10,'AVAILABLE'),(3192,36,9,'AVAILABLE'),(3193,36,8,'AVAILABLE'),(3194,36,7,'AVAILABLE'),(3195,36,6,'AVAILABLE'),(3196,36,5,'AVAILABLE'),(3197,36,4,'AVAILABLE'),(3198,36,3,'AVAILABLE'),(3199,36,2,'AVAILABLE'),(3200,36,1,'AVAILABLE'),(3201,37,40,'AVAILABLE'),(3202,37,39,'AVAILABLE'),(3203,37,38,'AVAILABLE'),(3204,37,37,'AVAILABLE'),(3205,37,36,'BOOKED'),(3206,37,35,'BOOKED'),(3207,37,34,'AVAILABLE'),(3208,37,33,'AVAILABLE'),(3209,37,32,'AVAILABLE'),(3210,37,31,'AVAILABLE'),(3211,37,30,'AVAILABLE'),(3212,37,29,'AVAILABLE'),(3213,37,28,'AVAILABLE'),(3214,37,27,'BOOKED'),(3215,37,26,'AVAILABLE'),(3216,37,25,'AVAILABLE'),(3217,37,24,'AVAILABLE'),(3218,37,23,'AVAILABLE'),(3219,37,22,'AVAILABLE'),(3220,37,21,'AVAILABLE'),(3221,37,20,'AVAILABLE'),(3222,37,19,'BOOKED'),(3223,37,18,'AVAILABLE'),(3224,37,17,'AVAILABLE'),(3225,37,16,'AVAILABLE'),(3226,37,15,'BOOKED'),(3227,37,14,'AVAILABLE'),(3228,37,13,'AVAILABLE'),(3229,37,12,'AVAILABLE'),(3230,37,11,'AVAILABLE'),(3231,37,10,'AVAILABLE'),(3232,37,9,'AVAILABLE'),(3233,37,8,'AVAILABLE'),(3234,37,7,'AVAILABLE'),(3235,37,6,'AVAILABLE'),(3236,37,5,'AVAILABLE'),(3237,37,4,'AVAILABLE'),(3238,37,3,'AVAILABLE'),(3239,37,2,'AVAILABLE'),(3240,37,1,'AVAILABLE'),(3241,38,40,'AVAILABLE'),(3242,38,39,'AVAILABLE'),(3243,38,38,'AVAILABLE'),(3244,38,37,'AVAILABLE'),(3245,38,36,'BOOKED'),(3246,38,35,'BOOKED'),(3247,38,34,'AVAILABLE'),(3248,38,33,'AVAILABLE'),(3249,38,32,'AVAILABLE'),(3250,38,31,'AVAILABLE'),(3251,38,30,'AVAILABLE'),(3252,38,29,'AVAILABLE'),(3253,38,28,'AVAILABLE'),(3254,38,27,'BOOKED'),(3255,38,26,'AVAILABLE'),(3256,38,25,'AVAILABLE'),(3257,38,24,'AVAILABLE'),(3258,38,23,'AVAILABLE'),(3259,38,22,'AVAILABLE'),(3260,38,21,'AVAILABLE'),(3261,38,20,'AVAILABLE'),(3262,38,19,'BOOKED'),(3263,38,18,'AVAILABLE'),(3264,38,17,'AVAILABLE'),(3265,38,16,'AVAILABLE'),(3266,38,15,'BOOKED'),(3267,38,14,'AVAILABLE'),(3268,38,13,'AVAILABLE'),(3269,38,12,'AVAILABLE'),(3270,38,11,'AVAILABLE'),(3271,38,10,'AVAILABLE'),(3272,38,9,'AVAILABLE'),(3273,38,8,'AVAILABLE'),(3274,38,7,'AVAILABLE'),(3275,38,6,'AVAILABLE'),(3276,38,5,'AVAILABLE'),(3277,38,4,'AVAILABLE'),(3278,38,3,'AVAILABLE'),(3279,38,2,'AVAILABLE'),(3280,38,1,'AVAILABLE'),(3281,39,40,'AVAILABLE'),(3282,39,39,'AVAILABLE'),(3283,39,38,'AVAILABLE'),(3284,39,37,'AVAILABLE'),(3285,39,36,'BOOKED'),(3286,39,35,'BOOKED'),(3287,39,34,'AVAILABLE'),(3288,39,33,'AVAILABLE'),(3289,39,32,'AVAILABLE'),(3290,39,31,'AVAILABLE'),(3291,39,30,'AVAILABLE'),(3292,39,29,'AVAILABLE'),(3293,39,28,'AVAILABLE'),(3294,39,27,'BOOKED'),(3295,39,26,'AVAILABLE'),(3296,39,25,'AVAILABLE'),(3297,39,24,'AVAILABLE'),(3298,39,23,'AVAILABLE'),(3299,39,22,'AVAILABLE'),(3300,39,21,'AVAILABLE'),(3301,39,20,'AVAILABLE'),(3302,39,19,'BOOKED'),(3303,39,18,'AVAILABLE'),(3304,39,17,'AVAILABLE'),(3305,39,16,'AVAILABLE'),(3306,39,15,'BOOKED'),(3307,39,14,'AVAILABLE'),(3308,39,13,'AVAILABLE'),(3309,39,12,'AVAILABLE'),(3310,39,11,'AVAILABLE'),(3311,39,10,'AVAILABLE'),(3312,39,9,'AVAILABLE'),(3313,39,8,'AVAILABLE'),(3314,39,7,'AVAILABLE'),(3315,39,6,'AVAILABLE'),(3316,39,5,'AVAILABLE'),(3317,39,4,'AVAILABLE'),(3318,39,3,'AVAILABLE'),(3319,39,2,'AVAILABLE'),(3320,39,1,'AVAILABLE'),(3321,40,40,'AVAILABLE'),(3322,40,39,'AVAILABLE'),(3323,40,38,'AVAILABLE'),(3324,40,37,'AVAILABLE'),(3325,40,36,'BOOKED'),(3326,40,35,'BOOKED'),(3327,40,34,'AVAILABLE'),(3328,40,33,'AVAILABLE'),(3329,40,32,'AVAILABLE'),(3330,40,31,'AVAILABLE'),(3331,40,30,'AVAILABLE'),(3332,40,29,'AVAILABLE'),(3333,40,28,'AVAILABLE'),(3334,40,27,'BOOKED'),(3335,40,26,'AVAILABLE'),(3336,40,25,'AVAILABLE'),(3337,40,24,'AVAILABLE'),(3338,40,23,'AVAILABLE'),(3339,40,22,'AVAILABLE'),(3340,40,21,'AVAILABLE'),(3341,40,20,'AVAILABLE'),(3342,40,19,'BOOKED'),(3343,40,18,'AVAILABLE'),(3344,40,17,'AVAILABLE'),(3345,40,16,'AVAILABLE'),(3346,40,15,'BOOKED'),(3347,40,14,'AVAILABLE'),(3348,40,13,'AVAILABLE'),(3349,40,12,'AVAILABLE'),(3350,40,11,'AVAILABLE'),(3351,40,10,'AVAILABLE'),(3352,40,9,'AVAILABLE'),(3353,40,8,'AVAILABLE'),(3354,40,7,'AVAILABLE'),(3355,40,6,'AVAILABLE'),(3356,40,5,'AVAILABLE'),(3357,40,4,'AVAILABLE'),(3358,40,3,'AVAILABLE'),(3359,40,2,'AVAILABLE'),(3360,40,1,'AVAILABLE'),(3361,41,40,'AVAILABLE'),(3362,41,39,'AVAILABLE'),(3363,41,38,'AVAILABLE'),(3364,41,37,'AVAILABLE'),(3365,41,36,'BOOKED'),(3366,41,35,'BOOKED'),(3367,41,34,'AVAILABLE'),(3368,41,33,'AVAILABLE'),(3369,41,32,'AVAILABLE'),(3370,41,31,'AVAILABLE'),(3371,41,30,'AVAILABLE'),(3372,41,29,'AVAILABLE'),(3373,41,28,'AVAILABLE'),(3374,41,27,'BOOKED'),(3375,41,26,'AVAILABLE'),(3376,41,25,'AVAILABLE'),(3377,41,24,'AVAILABLE'),(3378,41,23,'AVAILABLE'),(3379,41,22,'AVAILABLE'),(3380,41,21,'AVAILABLE'),(3381,41,20,'AVAILABLE'),(3382,41,19,'BOOKED'),(3383,41,18,'AVAILABLE'),(3384,41,17,'AVAILABLE'),(3385,41,16,'AVAILABLE'),(3386,41,15,'BOOKED'),(3387,41,14,'AVAILABLE'),(3388,41,13,'AVAILABLE'),(3389,41,12,'AVAILABLE'),(3390,41,11,'AVAILABLE'),(3391,41,10,'AVAILABLE'),(3392,41,9,'AVAILABLE'),(3393,41,8,'AVAILABLE'),(3394,41,7,'AVAILABLE'),(3395,41,6,'AVAILABLE'),(3396,41,5,'AVAILABLE'),(3397,41,4,'AVAILABLE'),(3398,41,3,'AVAILABLE'),(3399,41,2,'AVAILABLE'),(3400,41,1,'AVAILABLE'),(3401,42,40,'AVAILABLE'),(3402,42,39,'AVAILABLE'),(3403,42,38,'AVAILABLE'),(3404,42,37,'AVAILABLE'),(3405,42,36,'BOOKED'),(3406,42,35,'BOOKED'),(3407,42,34,'AVAILABLE'),(3408,42,33,'AVAILABLE'),(3409,42,32,'AVAILABLE'),(3410,42,31,'AVAILABLE'),(3411,42,30,'AVAILABLE'),(3412,42,29,'AVAILABLE'),(3413,42,28,'AVAILABLE'),(3414,42,27,'BOOKED'),(3415,42,26,'AVAILABLE'),(3416,42,25,'AVAILABLE'),(3417,42,24,'AVAILABLE'),(3418,42,23,'AVAILABLE'),(3419,42,22,'AVAILABLE'),(3420,42,21,'AVAILABLE'),(3421,42,20,'AVAILABLE'),(3422,42,19,'BOOKED'),(3423,42,18,'AVAILABLE'),(3424,42,17,'AVAILABLE'),(3425,42,16,'AVAILABLE'),(3426,42,15,'BOOKED'),(3427,42,14,'AVAILABLE'),(3428,42,13,'AVAILABLE'),(3429,42,12,'AVAILABLE'),(3430,42,11,'AVAILABLE'),(3431,42,10,'AVAILABLE'),(3432,42,9,'AVAILABLE'),(3433,42,8,'AVAILABLE'),(3434,42,7,'AVAILABLE'),(3435,42,6,'AVAILABLE'),(3436,42,5,'AVAILABLE'),(3437,42,4,'AVAILABLE'),(3438,42,3,'AVAILABLE'),(3439,42,2,'AVAILABLE'),(3440,42,1,'AVAILABLE'),(3441,43,40,'AVAILABLE'),(3442,43,39,'AVAILABLE'),(3443,43,38,'AVAILABLE'),(3444,43,37,'AVAILABLE'),(3445,43,36,'BOOKED'),(3446,43,35,'BOOKED'),(3447,43,34,'AVAILABLE'),(3448,43,33,'AVAILABLE'),(3449,43,32,'AVAILABLE'),(3450,43,31,'AVAILABLE'),(3451,43,30,'AVAILABLE'),(3452,43,29,'AVAILABLE'),(3453,43,28,'AVAILABLE'),(3454,43,27,'BOOKED'),(3455,43,26,'AVAILABLE'),(3456,43,25,'AVAILABLE'),(3457,43,24,'AVAILABLE'),(3458,43,23,'AVAILABLE'),(3459,43,22,'AVAILABLE'),(3460,43,21,'AVAILABLE'),(3461,43,20,'AVAILABLE'),(3462,43,19,'BOOKED'),(3463,43,18,'AVAILABLE'),(3464,43,17,'AVAILABLE'),(3465,43,16,'AVAILABLE'),(3466,43,15,'BOOKED'),(3467,43,14,'AVAILABLE'),(3468,43,13,'AVAILABLE'),(3469,43,12,'AVAILABLE'),(3470,43,11,'AVAILABLE'),(3471,43,10,'AVAILABLE'),(3472,43,9,'AVAILABLE'),(3473,43,8,'AVAILABLE'),(3474,43,7,'AVAILABLE'),(3475,43,6,'AVAILABLE'),(3476,43,5,'AVAILABLE'),(3477,43,4,'AVAILABLE'),(3478,43,3,'AVAILABLE'),(3479,43,2,'AVAILABLE'),(3480,43,1,'AVAILABLE'),(3481,44,40,'AVAILABLE'),(3482,44,39,'AVAILABLE'),(3483,44,38,'AVAILABLE'),(3484,44,37,'AVAILABLE'),(3485,44,36,'BOOKED'),(3486,44,35,'BOOKED'),(3487,44,34,'AVAILABLE'),(3488,44,33,'AVAILABLE'),(3489,44,32,'AVAILABLE'),(3490,44,31,'AVAILABLE'),(3491,44,30,'AVAILABLE'),(3492,44,29,'AVAILABLE'),(3493,44,28,'AVAILABLE'),(3494,44,27,'BOOKED'),(3495,44,26,'AVAILABLE'),(3496,44,25,'AVAILABLE'),(3497,44,24,'AVAILABLE'),(3498,44,23,'AVAILABLE'),(3499,44,22,'AVAILABLE'),(3500,44,21,'AVAILABLE'),(3501,44,20,'AVAILABLE'),(3502,44,19,'BOOKED'),(3503,44,18,'AVAILABLE'),(3504,44,17,'AVAILABLE'),(3505,44,16,'AVAILABLE'),(3506,44,15,'BOOKED'),(3507,44,14,'AVAILABLE'),(3508,44,13,'AVAILABLE'),(3509,44,12,'AVAILABLE'),(3510,44,11,'AVAILABLE'),(3511,44,10,'AVAILABLE'),(3512,44,9,'AVAILABLE'),(3513,44,8,'AVAILABLE'),(3514,44,7,'AVAILABLE'),(3515,44,6,'AVAILABLE'),(3516,44,5,'AVAILABLE'),(3517,44,4,'AVAILABLE'),(3518,44,3,'AVAILABLE'),(3519,44,2,'AVAILABLE'),(3520,44,1,'AVAILABLE'),(3808,45,40,'AVAILABLE'),(3809,45,39,'AVAILABLE'),(3810,45,38,'AVAILABLE'),(3811,45,37,'AVAILABLE'),(3812,45,36,'BOOKED'),(3813,45,35,'BOOKED'),(3814,45,34,'AVAILABLE'),(3815,45,33,'AVAILABLE'),(3816,45,32,'AVAILABLE'),(3817,45,31,'AVAILABLE'),(3818,45,30,'AVAILABLE'),(3819,45,29,'AVAILABLE'),(3820,45,28,'AVAILABLE'),(3821,45,27,'BOOKED'),(3822,45,26,'AVAILABLE'),(3823,45,25,'AVAILABLE'),(3824,45,24,'AVAILABLE'),(3825,45,23,'AVAILABLE'),(3826,45,22,'AVAILABLE'),(3827,45,21,'AVAILABLE'),(3828,45,20,'AVAILABLE'),(3829,45,19,'BOOKED'),(3830,45,18,'AVAILABLE'),(3831,45,17,'AVAILABLE'),(3832,45,16,'AVAILABLE'),(3833,45,15,'BOOKED'),(3834,45,14,'AVAILABLE'),(3835,45,13,'AVAILABLE'),(3836,45,12,'AVAILABLE'),(3837,45,11,'AVAILABLE'),(3838,45,10,'AVAILABLE'),(3839,45,9,'AVAILABLE'),(3840,45,8,'AVAILABLE'),(3841,45,7,'AVAILABLE'),(3842,45,6,'AVAILABLE'),(3843,45,5,'AVAILABLE'),(3844,45,4,'AVAILABLE'),(3845,45,3,'AVAILABLE'),(3846,45,2,'AVAILABLE'),(3847,45,1,'AVAILABLE'),(3848,46,40,'AVAILABLE'),(3849,46,39,'AVAILABLE'),(3850,46,38,'AVAILABLE'),(3851,46,37,'AVAILABLE'),(3852,46,36,'BOOKED'),(3853,46,35,'BOOKED'),(3854,46,34,'AVAILABLE'),(3855,46,33,'AVAILABLE'),(3856,46,32,'AVAILABLE'),(3857,46,31,'AVAILABLE'),(3858,46,30,'AVAILABLE'),(3859,46,29,'AVAILABLE'),(3860,46,28,'AVAILABLE'),(3861,46,27,'BOOKED'),(3862,46,26,'AVAILABLE'),(3863,46,25,'AVAILABLE'),(3864,46,24,'AVAILABLE'),(3865,46,23,'AVAILABLE'),(3866,46,22,'AVAILABLE'),(3867,46,21,'AVAILABLE'),(3868,46,20,'AVAILABLE'),(3869,46,19,'BOOKED'),(3870,46,18,'AVAILABLE'),(3871,46,17,'AVAILABLE'),(3872,46,16,'AVAILABLE'),(3873,46,15,'BOOKED'),(3874,46,14,'AVAILABLE'),(3875,46,13,'AVAILABLE'),(3876,46,12,'AVAILABLE'),(3877,46,11,'AVAILABLE'),(3878,46,10,'AVAILABLE'),(3879,46,9,'AVAILABLE'),(3880,46,8,'AVAILABLE'),(3881,46,7,'AVAILABLE'),(3882,46,6,'AVAILABLE'),(3883,46,5,'AVAILABLE'),(3884,46,4,'AVAILABLE'),(3885,46,3,'AVAILABLE'),(3886,46,2,'AVAILABLE'),(3887,46,1,'AVAILABLE'),(3888,47,40,'AVAILABLE'),(3889,47,39,'AVAILABLE'),(3890,47,38,'AVAILABLE'),(3891,47,37,'AVAILABLE'),(3892,47,36,'BOOKED'),(3893,47,35,'BOOKED'),(3894,47,34,'AVAILABLE'),(3895,47,33,'AVAILABLE'),(3896,47,32,'AVAILABLE'),(3897,47,31,'AVAILABLE'),(3898,47,30,'AVAILABLE'),(3899,47,29,'AVAILABLE'),(3900,47,28,'AVAILABLE'),(3901,47,27,'BOOKED'),(3902,47,26,'AVAILABLE'),(3903,47,25,'AVAILABLE'),(3904,47,24,'AVAILABLE'),(3905,47,23,'AVAILABLE'),(3906,47,22,'AVAILABLE'),(3907,47,21,'AVAILABLE'),(3908,47,20,'AVAILABLE'),(3909,47,19,'BOOKED'),(3910,47,18,'AVAILABLE'),(3911,47,17,'AVAILABLE'),(3912,47,16,'AVAILABLE'),(3913,47,15,'BOOKED'),(3914,47,14,'AVAILABLE'),(3915,47,13,'AVAILABLE'),(3916,47,12,'AVAILABLE'),(3917,47,11,'AVAILABLE'),(3918,47,10,'AVAILABLE'),(3919,47,9,'AVAILABLE'),(3920,47,8,'AVAILABLE'),(3921,47,7,'AVAILABLE'),(3922,47,6,'AVAILABLE'),(3923,47,5,'AVAILABLE'),(3924,47,4,'AVAILABLE'),(3925,47,3,'AVAILABLE'),(3926,47,2,'AVAILABLE'),(3927,47,1,'AVAILABLE'),(3928,48,40,'AVAILABLE'),(3929,48,39,'AVAILABLE'),(3930,48,38,'AVAILABLE'),(3931,48,37,'AVAILABLE'),(3932,48,36,'BOOKED'),(3933,48,35,'BOOKED'),(3934,48,34,'AVAILABLE'),(3935,48,33,'AVAILABLE'),(3936,48,32,'AVAILABLE'),(3937,48,31,'AVAILABLE'),(3938,48,30,'AVAILABLE'),(3939,48,29,'AVAILABLE'),(3940,48,28,'AVAILABLE'),(3941,48,27,'BOOKED'),(3942,48,26,'AVAILABLE'),(3943,48,25,'AVAILABLE'),(3944,48,24,'AVAILABLE'),(3945,48,23,'AVAILABLE'),(3946,48,22,'AVAILABLE'),(3947,48,21,'AVAILABLE'),(3948,48,20,'AVAILABLE'),(3949,48,19,'BOOKED'),(3950,48,18,'AVAILABLE'),(3951,48,17,'AVAILABLE'),(3952,48,16,'AVAILABLE'),(3953,48,15,'BOOKED'),(3954,48,14,'AVAILABLE'),(3955,48,13,'AVAILABLE'),(3956,48,12,'AVAILABLE'),(3957,48,11,'AVAILABLE'),(3958,48,10,'AVAILABLE'),(3959,48,9,'AVAILABLE'),(3960,48,8,'AVAILABLE'),(3961,48,7,'AVAILABLE'),(3962,48,6,'AVAILABLE'),(3963,48,5,'AVAILABLE'),(3964,48,4,'AVAILABLE'),(3965,48,3,'AVAILABLE'),(3966,48,2,'AVAILABLE'),(3967,48,1,'AVAILABLE'),(3968,49,40,'AVAILABLE'),(3969,49,39,'AVAILABLE'),(3970,49,38,'AVAILABLE'),(3971,49,37,'AVAILABLE'),(3972,49,36,'BOOKED'),(3973,49,35,'BOOKED'),(3974,49,34,'AVAILABLE'),(3975,49,33,'AVAILABLE'),(3976,49,32,'AVAILABLE'),(3977,49,31,'AVAILABLE'),(3978,49,30,'AVAILABLE'),(3979,49,29,'AVAILABLE'),(3980,49,28,'AVAILABLE'),(3981,49,27,'BOOKED'),(3982,49,26,'AVAILABLE'),(3983,49,25,'AVAILABLE'),(3984,49,24,'AVAILABLE'),(3985,49,23,'AVAILABLE'),(3986,49,22,'AVAILABLE'),(3987,49,21,'AVAILABLE'),(3988,49,20,'AVAILABLE'),(3989,49,19,'BOOKED'),(3990,49,18,'AVAILABLE'),(3991,49,17,'AVAILABLE'),(3992,49,16,'AVAILABLE'),(3993,49,15,'BOOKED'),(3994,49,14,'AVAILABLE'),(3995,49,13,'AVAILABLE'),(3996,49,12,'AVAILABLE'),(3997,49,11,'AVAILABLE'),(3998,49,10,'AVAILABLE'),(3999,49,9,'AVAILABLE'),(4000,49,8,'AVAILABLE'),(4001,49,7,'AVAILABLE'),(4002,49,6,'AVAILABLE'),(4003,49,5,'AVAILABLE'),(4004,49,4,'AVAILABLE'),(4005,49,3,'AVAILABLE'),(4006,49,2,'AVAILABLE'),(4007,49,1,'AVAILABLE'),(4008,50,40,'AVAILABLE'),(4009,50,39,'AVAILABLE'),(4010,50,38,'AVAILABLE'),(4011,50,37,'AVAILABLE'),(4012,50,36,'BOOKED'),(4013,50,35,'BOOKED'),(4014,50,34,'AVAILABLE'),(4015,50,33,'AVAILABLE'),(4016,50,32,'AVAILABLE'),(4017,50,31,'AVAILABLE'),(4018,50,30,'AVAILABLE'),(4019,50,29,'AVAILABLE'),(4020,50,28,'AVAILABLE'),(4021,50,27,'BOOKED'),(4022,50,26,'AVAILABLE'),(4023,50,25,'AVAILABLE'),(4024,50,24,'AVAILABLE'),(4025,50,23,'AVAILABLE'),(4026,50,22,'AVAILABLE'),(4027,50,21,'AVAILABLE'),(4028,50,20,'AVAILABLE'),(4029,50,19,'BOOKED'),(4030,50,18,'AVAILABLE'),(4031,50,17,'AVAILABLE'),(4032,50,16,'AVAILABLE'),(4033,50,15,'BOOKED'),(4034,50,14,'AVAILABLE'),(4035,50,13,'AVAILABLE'),(4036,50,12,'AVAILABLE'),(4037,50,11,'AVAILABLE'),(4038,50,10,'AVAILABLE'),(4039,50,9,'AVAILABLE'),(4040,50,8,'AVAILABLE'),(4041,50,7,'AVAILABLE'),(4042,50,6,'AVAILABLE'),(4043,50,5,'AVAILABLE'),(4044,50,4,'AVAILABLE'),(4045,50,3,'AVAILABLE'),(4046,50,2,'AVAILABLE'),(4047,50,1,'AVAILABLE'),(4048,51,40,'AVAILABLE'),(4049,51,39,'AVAILABLE'),(4050,51,38,'AVAILABLE'),(4051,51,37,'AVAILABLE'),(4052,51,36,'BOOKED'),(4053,51,35,'BOOKED'),(4054,51,34,'AVAILABLE'),(4055,51,33,'AVAILABLE'),(4056,51,32,'AVAILABLE'),(4057,51,31,'AVAILABLE'),(4058,51,30,'AVAILABLE'),(4059,51,29,'AVAILABLE'),(4060,51,28,'AVAILABLE'),(4061,51,27,'BOOKED'),(4062,51,26,'AVAILABLE'),(4063,51,25,'AVAILABLE'),(4064,51,24,'AVAILABLE'),(4065,51,23,'AVAILABLE'),(4066,51,22,'AVAILABLE'),(4067,51,21,'AVAILABLE'),(4068,51,20,'AVAILABLE'),(4069,51,19,'BOOKED'),(4070,51,18,'AVAILABLE'),(4071,51,17,'AVAILABLE'),(4072,51,16,'AVAILABLE'),(4073,51,15,'BOOKED'),(4074,51,14,'AVAILABLE'),(4075,51,13,'AVAILABLE'),(4076,51,12,'AVAILABLE'),(4077,51,11,'AVAILABLE'),(4078,51,10,'AVAILABLE'),(4079,51,9,'AVAILABLE'),(4080,51,8,'AVAILABLE'),(4081,51,7,'AVAILABLE'),(4082,51,6,'AVAILABLE'),(4083,51,5,'AVAILABLE'),(4084,51,4,'AVAILABLE'),(4085,51,3,'AVAILABLE'),(4086,51,2,'AVAILABLE'),(4087,51,1,'AVAILABLE'),(4088,52,40,'AVAILABLE'),(4089,52,39,'AVAILABLE'),(4090,52,38,'AVAILABLE'),(4091,52,37,'AVAILABLE'),(4092,52,36,'BOOKED'),(4093,52,35,'BOOKED'),(4094,52,34,'AVAILABLE'),(4095,52,33,'AVAILABLE'),(4096,52,32,'AVAILABLE'),(4097,52,31,'AVAILABLE'),(4098,52,30,'AVAILABLE'),(4099,52,29,'AVAILABLE'),(4100,52,28,'AVAILABLE'),(4101,52,27,'BOOKED'),(4102,52,26,'AVAILABLE'),(4103,52,25,'AVAILABLE'),(4104,52,24,'AVAILABLE'),(4105,52,23,'AVAILABLE'),(4106,52,22,'AVAILABLE'),(4107,52,21,'AVAILABLE'),(4108,52,20,'AVAILABLE'),(4109,52,19,'BOOKED'),(4110,52,18,'AVAILABLE'),(4111,52,17,'AVAILABLE'),(4112,52,16,'AVAILABLE'),(4113,52,15,'BOOKED'),(4114,52,14,'AVAILABLE'),(4115,52,13,'AVAILABLE'),(4116,52,12,'AVAILABLE'),(4117,52,11,'AVAILABLE'),(4118,52,10,'AVAILABLE'),(4119,52,9,'AVAILABLE'),(4120,52,8,'AVAILABLE'),(4121,52,7,'AVAILABLE'),(4122,52,6,'AVAILABLE'),(4123,52,5,'AVAILABLE'),(4124,52,4,'AVAILABLE'),(4125,52,3,'AVAILABLE'),(4126,52,2,'AVAILABLE'),(4127,52,1,'AVAILABLE'),(4128,53,40,'AVAILABLE'),(4129,53,39,'AVAILABLE'),(4130,53,38,'AVAILABLE'),(4131,53,37,'AVAILABLE'),(4132,53,36,'BOOKED'),(4133,53,35,'BOOKED'),(4134,53,34,'AVAILABLE'),(4135,53,33,'AVAILABLE'),(4136,53,32,'AVAILABLE'),(4137,53,31,'AVAILABLE'),(4138,53,30,'AVAILABLE'),(4139,53,29,'AVAILABLE'),(4140,53,28,'AVAILABLE'),(4141,53,27,'BOOKED'),(4142,53,26,'AVAILABLE'),(4143,53,25,'AVAILABLE'),(4144,53,24,'AVAILABLE'),(4145,53,23,'AVAILABLE'),(4146,53,22,'AVAILABLE'),(4147,53,21,'AVAILABLE'),(4148,53,20,'AVAILABLE'),(4149,53,19,'BOOKED'),(4150,53,18,'AVAILABLE'),(4151,53,17,'AVAILABLE'),(4152,53,16,'AVAILABLE'),(4153,53,15,'BOOKED'),(4154,53,14,'AVAILABLE'),(4155,53,13,'AVAILABLE'),(4156,53,12,'AVAILABLE'),(4157,53,11,'AVAILABLE'),(4158,53,10,'AVAILABLE'),(4159,53,9,'AVAILABLE'),(4160,53,8,'AVAILABLE'),(4161,53,7,'AVAILABLE'),(4162,53,6,'AVAILABLE'),(4163,53,5,'AVAILABLE'),(4164,53,4,'AVAILABLE'),(4165,53,3,'AVAILABLE'),(4166,53,2,'AVAILABLE'),(4167,53,1,'AVAILABLE'),(4168,54,40,'AVAILABLE'),(4169,54,39,'AVAILABLE'),(4170,54,38,'AVAILABLE'),(4171,54,37,'AVAILABLE'),(4172,54,36,'BOOKED'),(4173,54,35,'BOOKED'),(4174,54,34,'AVAILABLE'),(4175,54,33,'AVAILABLE'),(4176,54,32,'AVAILABLE'),(4177,54,31,'AVAILABLE'),(4178,54,30,'AVAILABLE'),(4179,54,29,'AVAILABLE'),(4180,54,28,'AVAILABLE'),(4181,54,27,'BOOKED'),(4182,54,26,'AVAILABLE'),(4183,54,25,'AVAILABLE'),(4184,54,24,'AVAILABLE'),(4185,54,23,'AVAILABLE'),(4186,54,22,'AVAILABLE'),(4187,54,21,'AVAILABLE'),(4188,54,20,'AVAILABLE'),(4189,54,19,'BOOKED'),(4190,54,18,'AVAILABLE'),(4191,54,17,'AVAILABLE'),(4192,54,16,'AVAILABLE'),(4193,54,15,'BOOKED'),(4194,54,14,'AVAILABLE'),(4195,54,13,'AVAILABLE'),(4196,54,12,'AVAILABLE'),(4197,54,11,'AVAILABLE'),(4198,54,10,'AVAILABLE'),(4199,54,9,'AVAILABLE'),(4200,54,8,'AVAILABLE'),(4201,54,7,'AVAILABLE'),(4202,54,6,'AVAILABLE'),(4203,54,5,'AVAILABLE'),(4204,54,4,'AVAILABLE'),(4205,54,3,'AVAILABLE'),(4206,54,2,'AVAILABLE'),(4207,54,1,'AVAILABLE'),(4208,55,40,'AVAILABLE'),(4209,55,39,'AVAILABLE'),(4210,55,38,'AVAILABLE'),(4211,55,37,'AVAILABLE'),(4212,55,36,'BOOKED'),(4213,55,35,'BOOKED'),(4214,55,34,'AVAILABLE'),(4215,55,33,'AVAILABLE'),(4216,55,32,'AVAILABLE'),(4217,55,31,'AVAILABLE'),(4218,55,30,'AVAILABLE'),(4219,55,29,'AVAILABLE'),(4220,55,28,'AVAILABLE'),(4221,55,27,'BOOKED'),(4222,55,26,'AVAILABLE'),(4223,55,25,'AVAILABLE'),(4224,55,24,'AVAILABLE'),(4225,55,23,'AVAILABLE'),(4226,55,22,'AVAILABLE'),(4227,55,21,'AVAILABLE'),(4228,55,20,'AVAILABLE'),(4229,55,19,'BOOKED'),(4230,55,18,'AVAILABLE'),(4231,55,17,'AVAILABLE'),(4232,55,16,'AVAILABLE'),(4233,55,15,'BOOKED'),(4234,55,14,'AVAILABLE'),(4235,55,13,'AVAILABLE'),(4236,55,12,'AVAILABLE'),(4237,55,11,'AVAILABLE'),(4238,55,10,'AVAILABLE'),(4239,55,9,'AVAILABLE'),(4240,55,8,'AVAILABLE'),(4241,55,7,'AVAILABLE'),(4242,55,6,'AVAILABLE'),(4243,55,5,'AVAILABLE'),(4244,55,4,'AVAILABLE'),(4245,55,3,'AVAILABLE'),(4246,55,2,'AVAILABLE'),(4247,55,1,'AVAILABLE'),(4248,56,40,'AVAILABLE'),(4249,56,39,'AVAILABLE'),(4250,56,38,'AVAILABLE'),(4251,56,37,'AVAILABLE'),(4252,56,36,'BOOKED'),(4253,56,35,'BOOKED'),(4254,56,34,'AVAILABLE'),(4255,56,33,'AVAILABLE'),(4256,56,32,'AVAILABLE'),(4257,56,31,'AVAILABLE'),(4258,56,30,'AVAILABLE'),(4259,56,29,'AVAILABLE'),(4260,56,28,'AVAILABLE'),(4261,56,27,'BOOKED'),(4262,56,26,'AVAILABLE'),(4263,56,25,'AVAILABLE'),(4264,56,24,'AVAILABLE'),(4265,56,23,'AVAILABLE'),(4266,56,22,'AVAILABLE'),(4267,56,21,'AVAILABLE'),(4268,56,20,'AVAILABLE'),(4269,56,19,'BOOKED'),(4270,56,18,'AVAILABLE'),(4271,56,17,'AVAILABLE'),(4272,56,16,'AVAILABLE'),(4273,56,15,'BOOKED'),(4274,56,14,'AVAILABLE'),(4275,56,13,'AVAILABLE'),(4276,56,12,'AVAILABLE'),(4277,56,11,'AVAILABLE'),(4278,56,10,'AVAILABLE'),(4279,56,9,'AVAILABLE'),(4280,56,8,'AVAILABLE'),(4281,56,7,'AVAILABLE'),(4282,56,6,'AVAILABLE'),(4283,56,5,'AVAILABLE'),(4284,56,4,'AVAILABLE'),(4285,56,3,'AVAILABLE'),(4286,56,2,'AVAILABLE'),(4287,56,1,'AVAILABLE'),(4288,57,40,'AVAILABLE'),(4289,57,39,'AVAILABLE'),(4290,57,38,'AVAILABLE'),(4291,57,37,'AVAILABLE'),(4292,57,36,'BOOKED'),(4293,57,35,'BOOKED'),(4294,57,34,'AVAILABLE'),(4295,57,33,'AVAILABLE'),(4296,57,32,'AVAILABLE'),(4297,57,31,'AVAILABLE'),(4298,57,30,'AVAILABLE'),(4299,57,29,'AVAILABLE'),(4300,57,28,'AVAILABLE'),(4301,57,27,'BOOKED'),(4302,57,26,'AVAILABLE'),(4303,57,25,'AVAILABLE'),(4304,57,24,'AVAILABLE'),(4305,57,23,'AVAILABLE'),(4306,57,22,'AVAILABLE'),(4307,57,21,'AVAILABLE'),(4308,57,20,'AVAILABLE'),(4309,57,19,'BOOKED'),(4310,57,18,'AVAILABLE'),(4311,57,17,'AVAILABLE'),(4312,57,16,'AVAILABLE'),(4313,57,15,'BOOKED'),(4314,57,14,'AVAILABLE'),(4315,57,13,'AVAILABLE'),(4316,57,12,'AVAILABLE'),(4317,57,11,'AVAILABLE'),(4318,57,10,'AVAILABLE'),(4319,57,9,'AVAILABLE'),(4320,57,8,'AVAILABLE'),(4321,57,7,'AVAILABLE'),(4322,57,6,'AVAILABLE'),(4323,57,5,'AVAILABLE'),(4324,57,4,'AVAILABLE'),(4325,57,3,'AVAILABLE'),(4326,57,2,'AVAILABLE'),(4327,57,1,'AVAILABLE'),(4328,58,40,'AVAILABLE'),(4329,58,39,'AVAILABLE'),(4330,58,38,'AVAILABLE'),(4331,58,37,'AVAILABLE'),(4332,58,36,'BOOKED'),(4333,58,35,'BOOKED'),(4334,58,34,'AVAILABLE'),(4335,58,33,'AVAILABLE'),(4336,58,32,'AVAILABLE'),(4337,58,31,'AVAILABLE'),(4338,58,30,'AVAILABLE'),(4339,58,29,'AVAILABLE'),(4340,58,28,'AVAILABLE'),(4341,58,27,'BOOKED'),(4342,58,26,'AVAILABLE'),(4343,58,25,'AVAILABLE'),(4344,58,24,'AVAILABLE'),(4345,58,23,'AVAILABLE'),(4346,58,22,'AVAILABLE'),(4347,58,21,'AVAILABLE'),(4348,58,20,'AVAILABLE'),(4349,58,19,'BOOKED'),(4350,58,18,'AVAILABLE'),(4351,58,17,'AVAILABLE'),(4352,58,16,'AVAILABLE'),(4353,58,15,'BOOKED'),(4354,58,14,'AVAILABLE'),(4355,58,13,'AVAILABLE'),(4356,58,12,'AVAILABLE'),(4357,58,11,'AVAILABLE'),(4358,58,10,'AVAILABLE'),(4359,58,9,'AVAILABLE'),(4360,58,8,'AVAILABLE'),(4361,58,7,'AVAILABLE'),(4362,58,6,'AVAILABLE'),(4363,58,5,'AVAILABLE'),(4364,58,4,'AVAILABLE'),(4365,58,3,'AVAILABLE'),(4366,58,2,'AVAILABLE'),(4367,58,1,'AVAILABLE'),(4368,59,40,'AVAILABLE'),(4369,59,39,'AVAILABLE'),(4370,59,38,'AVAILABLE'),(4371,59,37,'AVAILABLE'),(4372,59,36,'BOOKED'),(4373,59,35,'BOOKED'),(4374,59,34,'AVAILABLE'),(4375,59,33,'AVAILABLE'),(4376,59,32,'AVAILABLE'),(4377,59,31,'AVAILABLE'),(4378,59,30,'AVAILABLE'),(4379,59,29,'AVAILABLE'),(4380,59,28,'AVAILABLE'),(4381,59,27,'BOOKED'),(4382,59,26,'AVAILABLE'),(4383,59,25,'AVAILABLE'),(4384,59,24,'AVAILABLE'),(4385,59,23,'AVAILABLE'),(4386,59,22,'AVAILABLE'),(4387,59,21,'AVAILABLE'),(4388,59,20,'AVAILABLE'),(4389,59,19,'BOOKED'),(4390,59,18,'AVAILABLE'),(4391,59,17,'AVAILABLE'),(4392,59,16,'AVAILABLE'),(4393,59,15,'BOOKED'),(4394,59,14,'AVAILABLE'),(4395,59,13,'AVAILABLE'),(4396,59,12,'AVAILABLE'),(4397,59,11,'AVAILABLE'),(4398,59,10,'AVAILABLE'),(4399,59,9,'AVAILABLE'),(4400,59,8,'AVAILABLE'),(4401,59,7,'AVAILABLE'),(4402,59,6,'AVAILABLE'),(4403,59,5,'AVAILABLE'),(4404,59,4,'AVAILABLE'),(4405,59,3,'AVAILABLE'),(4406,59,2,'AVAILABLE'),(4407,59,1,'AVAILABLE'),(4408,60,40,'AVAILABLE'),(4409,60,39,'AVAILABLE'),(4410,60,38,'AVAILABLE'),(4411,60,37,'AVAILABLE'),(4412,60,36,'BOOKED'),(4413,60,35,'BOOKED'),(4414,60,34,'AVAILABLE'),(4415,60,33,'AVAILABLE'),(4416,60,32,'AVAILABLE'),(4417,60,31,'AVAILABLE'),(4418,60,30,'AVAILABLE'),(4419,60,29,'AVAILABLE'),(4420,60,28,'AVAILABLE'),(4421,60,27,'BOOKED'),(4422,60,26,'AVAILABLE'),(4423,60,25,'AVAILABLE'),(4424,60,24,'AVAILABLE'),(4425,60,23,'AVAILABLE'),(4426,60,22,'AVAILABLE'),(4427,60,21,'AVAILABLE'),(4428,60,20,'AVAILABLE'),(4429,60,19,'BOOKED'),(4430,60,18,'AVAILABLE'),(4431,60,17,'AVAILABLE'),(4432,60,16,'AVAILABLE'),(4433,60,15,'BOOKED'),(4434,60,14,'AVAILABLE'),(4435,60,13,'AVAILABLE'),(4436,60,12,'AVAILABLE'),(4437,60,11,'AVAILABLE'),(4438,60,10,'AVAILABLE'),(4439,60,9,'AVAILABLE'),(4440,60,8,'AVAILABLE'),(4441,60,7,'AVAILABLE'),(4442,60,6,'AVAILABLE'),(4443,60,5,'AVAILABLE'),(4444,60,4,'AVAILABLE'),(4445,60,3,'AVAILABLE'),(4446,60,2,'AVAILABLE'),(4447,60,1,'AVAILABLE'),(4448,61,40,'AVAILABLE'),(4449,61,39,'AVAILABLE'),(4450,61,38,'AVAILABLE'),(4451,61,37,'AVAILABLE'),(4452,61,36,'BOOKED'),(4453,61,35,'BOOKED'),(4454,61,34,'AVAILABLE'),(4455,61,33,'AVAILABLE'),(4456,61,32,'AVAILABLE'),(4457,61,31,'AVAILABLE'),(4458,61,30,'AVAILABLE'),(4459,61,29,'AVAILABLE'),(4460,61,28,'AVAILABLE'),(4461,61,27,'BOOKED'),(4462,61,26,'AVAILABLE'),(4463,61,25,'AVAILABLE'),(4464,61,24,'AVAILABLE'),(4465,61,23,'AVAILABLE'),(4466,61,22,'AVAILABLE'),(4467,61,21,'AVAILABLE'),(4468,61,20,'AVAILABLE'),(4469,61,19,'BOOKED'),(4470,61,18,'AVAILABLE'),(4471,61,17,'AVAILABLE'),(4472,61,16,'AVAILABLE'),(4473,61,15,'BOOKED'),(4474,61,14,'AVAILABLE'),(4475,61,13,'AVAILABLE'),(4476,61,12,'AVAILABLE'),(4477,61,11,'AVAILABLE'),(4478,61,10,'AVAILABLE'),(4479,61,9,'AVAILABLE'),(4480,61,8,'AVAILABLE'),(4481,61,7,'AVAILABLE'),(4482,61,6,'AVAILABLE'),(4483,61,5,'AVAILABLE'),(4484,61,4,'AVAILABLE'),(4485,61,3,'AVAILABLE'),(4486,61,2,'AVAILABLE'),(4487,61,1,'AVAILABLE'),(4488,62,40,'AVAILABLE'),(4489,62,39,'AVAILABLE'),(4490,62,38,'AVAILABLE'),(4491,62,37,'AVAILABLE'),(4492,62,36,'BOOKED'),(4493,62,35,'BOOKED'),(4494,62,34,'AVAILABLE'),(4495,62,33,'AVAILABLE'),(4496,62,32,'AVAILABLE'),(4497,62,31,'AVAILABLE'),(4498,62,30,'AVAILABLE'),(4499,62,29,'AVAILABLE'),(4500,62,28,'AVAILABLE'),(4501,62,27,'BOOKED'),(4502,62,26,'AVAILABLE'),(4503,62,25,'AVAILABLE'),(4504,62,24,'AVAILABLE'),(4505,62,23,'AVAILABLE'),(4506,62,22,'AVAILABLE'),(4507,62,21,'AVAILABLE'),(4508,62,20,'AVAILABLE'),(4509,62,19,'BOOKED'),(4510,62,18,'AVAILABLE'),(4511,62,17,'AVAILABLE'),(4512,62,16,'AVAILABLE'),(4513,62,15,'BOOKED'),(4514,62,14,'AVAILABLE'),(4515,62,13,'AVAILABLE'),(4516,62,12,'AVAILABLE'),(4517,62,11,'AVAILABLE'),(4518,62,10,'AVAILABLE'),(4519,62,9,'AVAILABLE'),(4520,62,8,'AVAILABLE'),(4521,62,7,'AVAILABLE'),(4522,62,6,'AVAILABLE'),(4523,62,5,'AVAILABLE'),(4524,62,4,'AVAILABLE'),(4525,62,3,'AVAILABLE'),(4526,62,2,'AVAILABLE'),(4527,62,1,'AVAILABLE'),(4528,63,40,'AVAILABLE'),(4529,63,39,'AVAILABLE'),(4530,63,38,'AVAILABLE'),(4531,63,37,'AVAILABLE'),(4532,63,36,'BOOKED'),(4533,63,35,'BOOKED'),(4534,63,34,'AVAILABLE'),(4535,63,33,'AVAILABLE'),(4536,63,32,'AVAILABLE'),(4537,63,31,'AVAILABLE'),(4538,63,30,'AVAILABLE'),(4539,63,29,'AVAILABLE'),(4540,63,28,'AVAILABLE'),(4541,63,27,'BOOKED'),(4542,63,26,'AVAILABLE'),(4543,63,25,'AVAILABLE'),(4544,63,24,'AVAILABLE'),(4545,63,23,'AVAILABLE'),(4546,63,22,'AVAILABLE'),(4547,63,21,'AVAILABLE'),(4548,63,20,'AVAILABLE'),(4549,63,19,'BOOKED'),(4550,63,18,'AVAILABLE'),(4551,63,17,'AVAILABLE'),(4552,63,16,'AVAILABLE'),(4553,63,15,'BOOKED'),(4554,63,14,'AVAILABLE'),(4555,63,13,'AVAILABLE'),(4556,63,12,'AVAILABLE'),(4557,63,11,'AVAILABLE'),(4558,63,10,'AVAILABLE'),(4559,63,9,'AVAILABLE'),(4560,63,8,'AVAILABLE'),(4561,63,7,'AVAILABLE'),(4562,63,6,'AVAILABLE'),(4563,63,5,'AVAILABLE'),(4564,63,4,'AVAILABLE'),(4565,63,3,'AVAILABLE'),(4566,63,2,'AVAILABLE'),(4567,63,1,'AVAILABLE'),(4568,64,40,'AVAILABLE'),(4569,64,39,'AVAILABLE'),(4570,64,38,'AVAILABLE'),(4571,64,37,'AVAILABLE'),(4572,64,36,'BOOKED'),(4573,64,35,'BOOKED'),(4574,64,34,'AVAILABLE'),(4575,64,33,'AVAILABLE'),(4576,64,32,'AVAILABLE'),(4577,64,31,'AVAILABLE'),(4578,64,30,'AVAILABLE'),(4579,64,29,'AVAILABLE'),(4580,64,28,'AVAILABLE'),(4581,64,27,'BOOKED'),(4582,64,26,'AVAILABLE'),(4583,64,25,'AVAILABLE'),(4584,64,24,'AVAILABLE'),(4585,64,23,'AVAILABLE'),(4586,64,22,'AVAILABLE'),(4587,64,21,'AVAILABLE'),(4588,64,20,'AVAILABLE'),(4589,64,19,'BOOKED'),(4590,64,18,'AVAILABLE'),(4591,64,17,'AVAILABLE'),(4592,64,16,'AVAILABLE'),(4593,64,15,'BOOKED'),(4594,64,14,'AVAILABLE'),(4595,64,13,'AVAILABLE'),(4596,64,12,'AVAILABLE'),(4597,64,11,'AVAILABLE'),(4598,64,10,'AVAILABLE'),(4599,64,9,'AVAILABLE'),(4600,64,8,'AVAILABLE'),(4601,64,7,'AVAILABLE'),(4602,64,6,'AVAILABLE'),(4603,64,5,'AVAILABLE'),(4604,64,4,'AVAILABLE'),(4605,64,3,'AVAILABLE'),(4606,64,2,'AVAILABLE'),(4607,64,1,'AVAILABLE'),(4608,65,40,'AVAILABLE'),(4609,65,39,'AVAILABLE'),(4610,65,38,'AVAILABLE'),(4611,65,37,'AVAILABLE'),(4612,65,36,'BOOKED'),(4613,65,35,'BOOKED'),(4614,65,34,'AVAILABLE'),(4615,65,33,'AVAILABLE'),(4616,65,32,'AVAILABLE'),(4617,65,31,'AVAILABLE'),(4618,65,30,'AVAILABLE'),(4619,65,29,'AVAILABLE'),(4620,65,28,'AVAILABLE'),(4621,65,27,'BOOKED'),(4622,65,26,'AVAILABLE'),(4623,65,25,'AVAILABLE'),(4624,65,24,'AVAILABLE'),(4625,65,23,'AVAILABLE'),(4626,65,22,'AVAILABLE'),(4627,65,21,'AVAILABLE'),(4628,65,20,'AVAILABLE'),(4629,65,19,'BOOKED'),(4630,65,18,'AVAILABLE'),(4631,65,17,'AVAILABLE'),(4632,65,16,'AVAILABLE'),(4633,65,15,'BOOKED'),(4634,65,14,'AVAILABLE'),(4635,65,13,'AVAILABLE'),(4636,65,12,'AVAILABLE'),(4637,65,11,'AVAILABLE'),(4638,65,10,'AVAILABLE'),(4639,65,9,'AVAILABLE'),(4640,65,8,'AVAILABLE'),(4641,65,7,'AVAILABLE'),(4642,65,6,'AVAILABLE'),(4643,65,5,'AVAILABLE'),(4644,65,4,'AVAILABLE'),(4645,65,3,'AVAILABLE'),(4646,65,2,'AVAILABLE'),(4647,65,1,'AVAILABLE'),(4648,66,40,'AVAILABLE'),(4649,66,39,'AVAILABLE'),(4650,66,38,'AVAILABLE'),(4651,66,37,'AVAILABLE'),(4652,66,36,'BOOKED'),(4653,66,35,'BOOKED'),(4654,66,34,'AVAILABLE'),(4655,66,33,'AVAILABLE'),(4656,66,32,'AVAILABLE'),(4657,66,31,'AVAILABLE'),(4658,66,30,'AVAILABLE'),(4659,66,29,'AVAILABLE'),(4660,66,28,'AVAILABLE'),(4661,66,27,'BOOKED'),(4662,66,26,'AVAILABLE'),(4663,66,25,'AVAILABLE'),(4664,66,24,'AVAILABLE'),(4665,66,23,'AVAILABLE'),(4666,66,22,'AVAILABLE'),(4667,66,21,'AVAILABLE'),(4668,66,20,'AVAILABLE'),(4669,66,19,'BOOKED'),(4670,66,18,'AVAILABLE'),(4671,66,17,'AVAILABLE'),(4672,66,16,'AVAILABLE'),(4673,66,15,'BOOKED'),(4674,66,14,'AVAILABLE'),(4675,66,13,'AVAILABLE'),(4676,66,12,'AVAILABLE'),(4677,66,11,'AVAILABLE'),(4678,66,10,'AVAILABLE'),(4679,66,9,'AVAILABLE'),(4680,66,8,'AVAILABLE'),(4681,66,7,'AVAILABLE'),(4682,66,6,'AVAILABLE'),(4683,66,5,'AVAILABLE'),(4684,66,4,'AVAILABLE'),(4685,66,3,'AVAILABLE'),(4686,66,2,'AVAILABLE'),(4687,66,1,'AVAILABLE'),(4688,67,40,'AVAILABLE'),(4689,67,39,'AVAILABLE'),(4690,67,38,'AVAILABLE'),(4691,67,37,'AVAILABLE'),(4692,67,36,'BOOKED'),(4693,67,35,'BOOKED'),(4694,67,34,'AVAILABLE'),(4695,67,33,'AVAILABLE'),(4696,67,32,'AVAILABLE'),(4697,67,31,'AVAILABLE'),(4698,67,30,'AVAILABLE'),(4699,67,29,'AVAILABLE'),(4700,67,28,'AVAILABLE'),(4701,67,27,'BOOKED'),(4702,67,26,'AVAILABLE'),(4703,67,25,'AVAILABLE'),(4704,67,24,'AVAILABLE'),(4705,67,23,'AVAILABLE'),(4706,67,22,'AVAILABLE'),(4707,67,21,'AVAILABLE'),(4708,67,20,'AVAILABLE'),(4709,67,19,'BOOKED'),(4710,67,18,'AVAILABLE'),(4711,67,17,'AVAILABLE'),(4712,67,16,'AVAILABLE'),(4713,67,15,'BOOKED'),(4714,67,14,'AVAILABLE'),(4715,67,13,'AVAILABLE'),(4716,67,12,'AVAILABLE'),(4717,67,11,'AVAILABLE'),(4718,67,10,'AVAILABLE'),(4719,67,9,'AVAILABLE'),(4720,67,8,'AVAILABLE'),(4721,67,7,'AVAILABLE'),(4722,67,6,'AVAILABLE'),(4723,67,5,'AVAILABLE'),(4724,67,4,'AVAILABLE'),(4725,67,3,'AVAILABLE'),(4726,67,2,'AVAILABLE'),(4727,67,1,'AVAILABLE'),(4728,68,40,'AVAILABLE'),(4729,68,39,'AVAILABLE'),(4730,68,38,'AVAILABLE'),(4731,68,37,'AVAILABLE'),(4732,68,36,'BOOKED'),(4733,68,35,'BOOKED'),(4734,68,34,'AVAILABLE'),(4735,68,33,'AVAILABLE'),(4736,68,32,'AVAILABLE'),(4737,68,31,'AVAILABLE'),(4738,68,30,'AVAILABLE'),(4739,68,29,'AVAILABLE'),(4740,68,28,'AVAILABLE'),(4741,68,27,'BOOKED'),(4742,68,26,'AVAILABLE'),(4743,68,25,'AVAILABLE'),(4744,68,24,'AVAILABLE'),(4745,68,23,'AVAILABLE'),(4746,68,22,'AVAILABLE'),(4747,68,21,'AVAILABLE'),(4748,68,20,'AVAILABLE'),(4749,68,19,'BOOKED'),(4750,68,18,'AVAILABLE'),(4751,68,17,'AVAILABLE'),(4752,68,16,'AVAILABLE'),(4753,68,15,'BOOKED'),(4754,68,14,'AVAILABLE'),(4755,68,13,'AVAILABLE'),(4756,68,12,'AVAILABLE'),(4757,68,11,'AVAILABLE'),(4758,68,10,'AVAILABLE'),(4759,68,9,'AVAILABLE'),(4760,68,8,'AVAILABLE'),(4761,68,7,'AVAILABLE'),(4762,68,6,'AVAILABLE'),(4763,68,5,'AVAILABLE'),(4764,68,4,'AVAILABLE'),(4765,68,3,'AVAILABLE'),(4766,68,2,'AVAILABLE'),(4767,68,1,'AVAILABLE'),(4768,69,40,'AVAILABLE'),(4769,69,39,'AVAILABLE'),(4770,69,38,'AVAILABLE'),(4771,69,37,'AVAILABLE'),(4772,69,36,'BOOKED'),(4773,69,35,'BOOKED'),(4774,69,34,'AVAILABLE'),(4775,69,33,'AVAILABLE'),(4776,69,32,'AVAILABLE'),(4777,69,31,'AVAILABLE'),(4778,69,30,'AVAILABLE'),(4779,69,29,'AVAILABLE'),(4780,69,28,'AVAILABLE'),(4781,69,27,'BOOKED'),(4782,69,26,'AVAILABLE'),(4783,69,25,'AVAILABLE'),(4784,69,24,'AVAILABLE'),(4785,69,23,'AVAILABLE'),(4786,69,22,'AVAILABLE'),(4787,69,21,'AVAILABLE'),(4788,69,20,'AVAILABLE'),(4789,69,19,'BOOKED'),(4790,69,18,'AVAILABLE'),(4791,69,17,'AVAILABLE'),(4792,69,16,'AVAILABLE'),(4793,69,15,'BOOKED'),(4794,69,14,'AVAILABLE'),(4795,69,13,'AVAILABLE'),(4796,69,12,'AVAILABLE'),(4797,69,11,'AVAILABLE'),(4798,69,10,'AVAILABLE'),(4799,69,9,'AVAILABLE'),(4800,69,8,'AVAILABLE'),(4801,69,7,'AVAILABLE'),(4802,69,6,'AVAILABLE'),(4803,69,5,'AVAILABLE'),(4804,69,4,'AVAILABLE'),(4805,69,3,'AVAILABLE'),(4806,69,2,'AVAILABLE'),(4807,69,1,'AVAILABLE'),(4808,70,40,'AVAILABLE'),(4809,70,39,'AVAILABLE'),(4810,70,38,'AVAILABLE'),(4811,70,37,'AVAILABLE'),(4812,70,36,'BOOKED'),(4813,70,35,'BOOKED'),(4814,70,34,'AVAILABLE'),(4815,70,33,'AVAILABLE'),(4816,70,32,'AVAILABLE'),(4817,70,31,'AVAILABLE'),(4818,70,30,'AVAILABLE'),(4819,70,29,'AVAILABLE'),(4820,70,28,'AVAILABLE'),(4821,70,27,'BOOKED'),(4822,70,26,'AVAILABLE'),(4823,70,25,'AVAILABLE'),(4824,70,24,'AVAILABLE'),(4825,70,23,'AVAILABLE'),(4826,70,22,'AVAILABLE'),(4827,70,21,'AVAILABLE'),(4828,70,20,'AVAILABLE'),(4829,70,19,'BOOKED'),(4830,70,18,'AVAILABLE'),(4831,70,17,'AVAILABLE'),(4832,70,16,'AVAILABLE'),(4833,70,15,'BOOKED'),(4834,70,14,'AVAILABLE'),(4835,70,13,'AVAILABLE'),(4836,70,12,'AVAILABLE'),(4837,70,11,'AVAILABLE'),(4838,70,10,'AVAILABLE'),(4839,70,9,'AVAILABLE'),(4840,70,8,'AVAILABLE'),(4841,70,7,'AVAILABLE'),(4842,70,6,'AVAILABLE'),(4843,70,5,'AVAILABLE'),(4844,70,4,'AVAILABLE'),(4845,70,3,'AVAILABLE'),(4846,70,2,'AVAILABLE'),(4847,70,1,'AVAILABLE'),(4848,71,40,'AVAILABLE'),(4849,71,39,'AVAILABLE'),(4850,71,38,'AVAILABLE'),(4851,71,37,'AVAILABLE'),(4852,71,36,'BOOKED'),(4853,71,35,'BOOKED'),(4854,71,34,'AVAILABLE'),(4855,71,33,'AVAILABLE'),(4856,71,32,'AVAILABLE'),(4857,71,31,'AVAILABLE'),(4858,71,30,'AVAILABLE'),(4859,71,29,'AVAILABLE'),(4860,71,28,'AVAILABLE'),(4861,71,27,'BOOKED'),(4862,71,26,'AVAILABLE'),(4863,71,25,'AVAILABLE'),(4864,71,24,'AVAILABLE'),(4865,71,23,'AVAILABLE'),(4866,71,22,'AVAILABLE'),(4867,71,21,'AVAILABLE'),(4868,71,20,'AVAILABLE'),(4869,71,19,'BOOKED'),(4870,71,18,'AVAILABLE'),(4871,71,17,'AVAILABLE'),(4872,71,16,'AVAILABLE'),(4873,71,15,'BOOKED'),(4874,71,14,'AVAILABLE'),(4875,71,13,'AVAILABLE'),(4876,71,12,'AVAILABLE'),(4877,71,11,'AVAILABLE'),(4878,71,10,'AVAILABLE'),(4879,71,9,'AVAILABLE'),(4880,71,8,'AVAILABLE'),(4881,71,7,'AVAILABLE'),(4882,71,6,'AVAILABLE'),(4883,71,5,'AVAILABLE'),(4884,71,4,'AVAILABLE'),(4885,71,3,'AVAILABLE'),(4886,71,2,'AVAILABLE'),(4887,71,1,'AVAILABLE'),(4888,72,40,'AVAILABLE'),(4889,72,39,'AVAILABLE'),(4890,72,38,'AVAILABLE'),(4891,72,37,'AVAILABLE'),(4892,72,36,'BOOKED'),(4893,72,35,'BOOKED'),(4894,72,34,'AVAILABLE'),(4895,72,33,'AVAILABLE'),(4896,72,32,'AVAILABLE'),(4897,72,31,'AVAILABLE'),(4898,72,30,'AVAILABLE'),(4899,72,29,'AVAILABLE'),(4900,72,28,'AVAILABLE'),(4901,72,27,'BOOKED'),(4902,72,26,'AVAILABLE'),(4903,72,25,'AVAILABLE'),(4904,72,24,'AVAILABLE'),(4905,72,23,'AVAILABLE'),(4906,72,22,'AVAILABLE'),(4907,72,21,'AVAILABLE'),(4908,72,20,'AVAILABLE'),(4909,72,19,'BOOKED'),(4910,72,18,'AVAILABLE'),(4911,72,17,'AVAILABLE'),(4912,72,16,'AVAILABLE'),(4913,72,15,'BOOKED'),(4914,72,14,'AVAILABLE'),(4915,72,13,'AVAILABLE'),(4916,72,12,'AVAILABLE'),(4917,72,11,'AVAILABLE'),(4918,72,10,'AVAILABLE'),(4919,72,9,'AVAILABLE'),(4920,72,8,'AVAILABLE'),(4921,72,7,'AVAILABLE'),(4922,72,6,'AVAILABLE'),(4923,72,5,'AVAILABLE'),(4924,72,4,'AVAILABLE'),(4925,72,3,'AVAILABLE'),(4926,72,2,'AVAILABLE'),(4927,72,1,'AVAILABLE'),(4928,73,40,'AVAILABLE'),(4929,73,39,'AVAILABLE'),(4930,73,38,'AVAILABLE'),(4931,73,37,'AVAILABLE'),(4932,73,36,'BOOKED'),(4933,73,35,'BOOKED'),(4934,73,34,'AVAILABLE'),(4935,73,33,'AVAILABLE'),(4936,73,32,'AVAILABLE'),(4937,73,31,'AVAILABLE'),(4938,73,30,'AVAILABLE'),(4939,73,29,'AVAILABLE'),(4940,73,28,'AVAILABLE'),(4941,73,27,'BOOKED'),(4942,73,26,'AVAILABLE'),(4943,73,25,'AVAILABLE'),(4944,73,24,'AVAILABLE'),(4945,73,23,'AVAILABLE'),(4946,73,22,'AVAILABLE'),(4947,73,21,'AVAILABLE'),(4948,73,20,'AVAILABLE'),(4949,73,19,'BOOKED'),(4950,73,18,'AVAILABLE'),(4951,73,17,'AVAILABLE'),(4952,73,16,'AVAILABLE'),(4953,73,15,'BOOKED'),(4954,73,14,'AVAILABLE'),(4955,73,13,'AVAILABLE'),(4956,73,12,'AVAILABLE'),(4957,73,11,'AVAILABLE'),(4958,73,10,'AVAILABLE'),(4959,73,9,'AVAILABLE'),(4960,73,8,'AVAILABLE'),(4961,73,7,'AVAILABLE'),(4962,73,6,'AVAILABLE'),(4963,73,5,'AVAILABLE'),(4964,73,4,'AVAILABLE'),(4965,73,3,'AVAILABLE'),(4966,73,2,'AVAILABLE'),(4967,73,1,'AVAILABLE'),(4968,74,40,'AVAILABLE'),(4969,74,39,'AVAILABLE'),(4970,74,38,'AVAILABLE'),(4971,74,37,'AVAILABLE'),(4972,74,36,'BOOKED'),(4973,74,35,'BOOKED'),(4974,74,34,'AVAILABLE'),(4975,74,33,'AVAILABLE'),(4976,74,32,'AVAILABLE'),(4977,74,31,'AVAILABLE'),(4978,74,30,'AVAILABLE'),(4979,74,29,'AVAILABLE'),(4980,74,28,'AVAILABLE'),(4981,74,27,'BOOKED'),(4982,74,26,'AVAILABLE'),(4983,74,25,'AVAILABLE'),(4984,74,24,'AVAILABLE'),(4985,74,23,'AVAILABLE'),(4986,74,22,'AVAILABLE'),(4987,74,21,'AVAILABLE'),(4988,74,20,'AVAILABLE'),(4989,74,19,'BOOKED'),(4990,74,18,'AVAILABLE'),(4991,74,17,'AVAILABLE'),(4992,74,16,'AVAILABLE'),(4993,74,15,'BOOKED'),(4994,74,14,'AVAILABLE'),(4995,74,13,'AVAILABLE'),(4996,74,12,'AVAILABLE'),(4997,74,11,'AVAILABLE'),(4998,74,10,'AVAILABLE'),(4999,74,9,'AVAILABLE'),(5000,74,8,'AVAILABLE'),(5001,74,7,'AVAILABLE'),(5002,74,6,'AVAILABLE'),(5003,74,5,'AVAILABLE'),(5004,74,4,'AVAILABLE'),(5005,74,3,'AVAILABLE'),(5006,74,2,'AVAILABLE'),(5007,74,1,'AVAILABLE'),(5008,75,40,'AVAILABLE'),(5009,75,39,'AVAILABLE'),(5010,75,38,'AVAILABLE'),(5011,75,37,'AVAILABLE'),(5012,75,36,'BOOKED'),(5013,75,35,'BOOKED'),(5014,75,34,'AVAILABLE'),(5015,75,33,'AVAILABLE'),(5016,75,32,'AVAILABLE'),(5017,75,31,'AVAILABLE'),(5018,75,30,'AVAILABLE'),(5019,75,29,'AVAILABLE'),(5020,75,28,'AVAILABLE'),(5021,75,27,'BOOKED'),(5022,75,26,'AVAILABLE'),(5023,75,25,'AVAILABLE'),(5024,75,24,'AVAILABLE'),(5025,75,23,'AVAILABLE'),(5026,75,22,'AVAILABLE'),(5027,75,21,'AVAILABLE'),(5028,75,20,'AVAILABLE'),(5029,75,19,'BOOKED'),(5030,75,18,'AVAILABLE'),(5031,75,17,'AVAILABLE'),(5032,75,16,'AVAILABLE'),(5033,75,15,'BOOKED'),(5034,75,14,'AVAILABLE'),(5035,75,13,'AVAILABLE'),(5036,75,12,'AVAILABLE'),(5037,75,11,'AVAILABLE'),(5038,75,10,'AVAILABLE'),(5039,75,9,'AVAILABLE'),(5040,75,8,'AVAILABLE'),(5041,75,7,'AVAILABLE'),(5042,75,6,'AVAILABLE'),(5043,75,5,'AVAILABLE'),(5044,75,4,'AVAILABLE'),(5045,75,3,'AVAILABLE'),(5046,75,2,'AVAILABLE'),(5047,75,1,'AVAILABLE'),(5048,76,40,'AVAILABLE'),(5049,76,39,'AVAILABLE'),(5050,76,38,'AVAILABLE'),(5051,76,37,'AVAILABLE'),(5052,76,36,'BOOKED'),(5053,76,35,'BOOKED'),(5054,76,34,'AVAILABLE'),(5055,76,33,'AVAILABLE'),(5056,76,32,'AVAILABLE'),(5057,76,31,'AVAILABLE'),(5058,76,30,'AVAILABLE'),(5059,76,29,'AVAILABLE'),(5060,76,28,'AVAILABLE'),(5061,76,27,'BOOKED'),(5062,76,26,'AVAILABLE'),(5063,76,25,'AVAILABLE'),(5064,76,24,'AVAILABLE'),(5065,76,23,'AVAILABLE'),(5066,76,22,'AVAILABLE'),(5067,76,21,'AVAILABLE'),(5068,76,20,'AVAILABLE'),(5069,76,19,'BOOKED'),(5070,76,18,'AVAILABLE'),(5071,76,17,'AVAILABLE'),(5072,76,16,'AVAILABLE'),(5073,76,15,'BOOKED'),(5074,76,14,'AVAILABLE'),(5075,76,13,'AVAILABLE'),(5076,76,12,'AVAILABLE'),(5077,76,11,'AVAILABLE'),(5078,76,10,'AVAILABLE'),(5079,76,9,'AVAILABLE'),(5080,76,8,'AVAILABLE'),(5081,76,7,'AVAILABLE'),(5082,76,6,'AVAILABLE'),(5083,76,5,'AVAILABLE'),(5084,76,4,'AVAILABLE'),(5085,76,3,'AVAILABLE'),(5086,76,2,'AVAILABLE'),(5087,76,1,'AVAILABLE'),(5088,77,40,'AVAILABLE'),(5089,77,39,'AVAILABLE'),(5090,77,38,'AVAILABLE'),(5091,77,37,'AVAILABLE'),(5092,77,36,'BOOKED'),(5093,77,35,'BOOKED'),(5094,77,34,'AVAILABLE'),(5095,77,33,'AVAILABLE'),(5096,77,32,'AVAILABLE'),(5097,77,31,'AVAILABLE'),(5098,77,30,'AVAILABLE'),(5099,77,29,'AVAILABLE'),(5100,77,28,'AVAILABLE'),(5101,77,27,'BOOKED'),(5102,77,26,'AVAILABLE'),(5103,77,25,'AVAILABLE'),(5104,77,24,'AVAILABLE'),(5105,77,23,'AVAILABLE'),(5106,77,22,'AVAILABLE'),(5107,77,21,'AVAILABLE'),(5108,77,20,'AVAILABLE'),(5109,77,19,'BOOKED'),(5110,77,18,'AVAILABLE'),(5111,77,17,'AVAILABLE'),(5112,77,16,'AVAILABLE'),(5113,77,15,'BOOKED'),(5114,77,14,'AVAILABLE'),(5115,77,13,'AVAILABLE'),(5116,77,12,'AVAILABLE'),(5117,77,11,'AVAILABLE'),(5118,77,10,'AVAILABLE'),(5119,77,9,'AVAILABLE'),(5120,77,8,'AVAILABLE'),(5121,77,7,'AVAILABLE'),(5122,77,6,'AVAILABLE'),(5123,77,5,'AVAILABLE'),(5124,77,4,'AVAILABLE'),(5125,77,3,'AVAILABLE'),(5126,77,2,'AVAILABLE'),(5127,77,1,'AVAILABLE'),(5128,78,40,'AVAILABLE'),(5129,78,39,'AVAILABLE'),(5130,78,38,'AVAILABLE'),(5131,78,37,'AVAILABLE'),(5132,78,36,'BOOKED'),(5133,78,35,'BOOKED'),(5134,78,34,'AVAILABLE'),(5135,78,33,'AVAILABLE'),(5136,78,32,'AVAILABLE'),(5137,78,31,'AVAILABLE'),(5138,78,30,'AVAILABLE'),(5139,78,29,'AVAILABLE'),(5140,78,28,'AVAILABLE'),(5141,78,27,'BOOKED'),(5142,78,26,'AVAILABLE'),(5143,78,25,'AVAILABLE'),(5144,78,24,'AVAILABLE'),(5145,78,23,'AVAILABLE'),(5146,78,22,'AVAILABLE'),(5147,78,21,'AVAILABLE'),(5148,78,20,'AVAILABLE'),(5149,78,19,'BOOKED'),(5150,78,18,'AVAILABLE'),(5151,78,17,'AVAILABLE'),(5152,78,16,'AVAILABLE'),(5153,78,15,'BOOKED'),(5154,78,14,'AVAILABLE'),(5155,78,13,'AVAILABLE'),(5156,78,12,'AVAILABLE'),(5157,78,11,'AVAILABLE'),(5158,78,10,'AVAILABLE'),(5159,78,9,'AVAILABLE'),(5160,78,8,'AVAILABLE'),(5161,78,7,'AVAILABLE'),(5162,78,6,'AVAILABLE'),(5163,78,5,'AVAILABLE'),(5164,78,4,'AVAILABLE'),(5165,78,3,'AVAILABLE'),(5166,78,2,'AVAILABLE'),(5167,78,1,'AVAILABLE'),(5168,79,40,'AVAILABLE'),(5169,79,39,'AVAILABLE'),(5170,79,38,'AVAILABLE'),(5171,79,37,'AVAILABLE'),(5172,79,36,'BOOKED'),(5173,79,35,'BOOKED'),(5174,79,34,'AVAILABLE'),(5175,79,33,'AVAILABLE'),(5176,79,32,'AVAILABLE'),(5177,79,31,'AVAILABLE'),(5178,79,30,'AVAILABLE'),(5179,79,29,'AVAILABLE'),(5180,79,28,'AVAILABLE'),(5181,79,27,'BOOKED'),(5182,79,26,'AVAILABLE'),(5183,79,25,'AVAILABLE'),(5184,79,24,'AVAILABLE'),(5185,79,23,'AVAILABLE'),(5186,79,22,'AVAILABLE'),(5187,79,21,'AVAILABLE'),(5188,79,20,'AVAILABLE'),(5189,79,19,'BOOKED'),(5190,79,18,'AVAILABLE'),(5191,79,17,'AVAILABLE'),(5192,79,16,'AVAILABLE'),(5193,79,15,'BOOKED'),(5194,79,14,'AVAILABLE'),(5195,79,13,'AVAILABLE'),(5196,79,12,'AVAILABLE'),(5197,79,11,'AVAILABLE'),(5198,79,10,'AVAILABLE'),(5199,79,9,'AVAILABLE'),(5200,79,8,'AVAILABLE'),(5201,79,7,'AVAILABLE'),(5202,79,6,'AVAILABLE'),(5203,79,5,'AVAILABLE'),(5204,79,4,'AVAILABLE'),(5205,79,3,'AVAILABLE'),(5206,79,2,'AVAILABLE'),(5207,79,1,'AVAILABLE'),(5208,80,40,'AVAILABLE'),(5209,80,39,'AVAILABLE'),(5210,80,38,'AVAILABLE'),(5211,80,37,'AVAILABLE'),(5212,80,36,'BOOKED'),(5213,80,35,'BOOKED'),(5214,80,34,'AVAILABLE'),(5215,80,33,'AVAILABLE'),(5216,80,32,'AVAILABLE'),(5217,80,31,'AVAILABLE'),(5218,80,30,'AVAILABLE'),(5219,80,29,'AVAILABLE'),(5220,80,28,'AVAILABLE'),(5221,80,27,'BOOKED'),(5222,80,26,'AVAILABLE'),(5223,80,25,'AVAILABLE'),(5224,80,24,'AVAILABLE'),(5225,80,23,'AVAILABLE'),(5226,80,22,'AVAILABLE'),(5227,80,21,'AVAILABLE'),(5228,80,20,'AVAILABLE'),(5229,80,19,'BOOKED'),(5230,80,18,'AVAILABLE'),(5231,80,17,'AVAILABLE'),(5232,80,16,'AVAILABLE'),(5233,80,15,'BOOKED'),(5234,80,14,'AVAILABLE'),(5235,80,13,'AVAILABLE'),(5236,80,12,'AVAILABLE'),(5237,80,11,'AVAILABLE'),(5238,80,10,'AVAILABLE'),(5239,80,9,'AVAILABLE'),(5240,80,8,'AVAILABLE'),(5241,80,7,'AVAILABLE'),(5242,80,6,'AVAILABLE'),(5243,80,5,'AVAILABLE'),(5244,80,4,'AVAILABLE'),(5245,80,3,'AVAILABLE'),(5246,80,2,'AVAILABLE'),(5247,80,1,'AVAILABLE');
/*!40000 ALTER TABLE `seats` ENABLE KEYS */;
UNLOCK TABLES;

--
-- Table structure for table `users`
--

DROP TABLE IF EXISTS `users`;
/*!40101 SET @saved_cs_client     = @@character_set_client */;
/*!50503 SET character_set_client = utf8mb4 */;
CREATE TABLE `users` (
  `user_id` int NOT NULL AUTO_INCREMENT,
  `name` varchar(255) DEFAULT NULL,
  `email` varchar(255) DEFAULT NULL,
  `password` varchar(255) DEFAULT NULL,
  `created_at` timestamp NULL DEFAULT CURRENT_TIMESTAMP,
  `phone` varchar(255) DEFAULT NULL,
  PRIMARY KEY (`user_id`),
  UNIQUE KEY `email` (`email`),
  UNIQUE KEY `unique_email` (`email`)
) ENGINE=InnoDB AUTO_INCREMENT=110 DEFAULT CHARSET=utf8mb4 COLLATE=utf8mb4_0900_ai_ci;
/*!40101 SET character_set_client = @saved_cs_client */;

--
-- Dumping data for table `users`
--

LOCK TABLES `users` WRITE;
/*!40000 ALTER TABLE `users` DISABLE KEYS */;
INSERT INTO `users` VALUES (107,'Viraj','virajvubhe124@gmail.com',NULL,'2026-03-24 08:33:00',NULL),(108,'Viraj','spidy11111111@gmail.com',NULL,'2026-03-25 13:42:53',NULL),(109,'Sarthak','carnage7245@gmail.com',NULL,'2026-03-27 05:20:07',NULL);
/*!40000 ALTER TABLE `users` ENABLE KEYS */;
UNLOCK TABLES;
/*!40103 SET TIME_ZONE=@OLD_TIME_ZONE */;

/*!40101 SET SQL_MODE=@OLD_SQL_MODE */;
/*!40014 SET FOREIGN_KEY_CHECKS=@OLD_FOREIGN_KEY_CHECKS */;
/*!40014 SET UNIQUE_CHECKS=@OLD_UNIQUE_CHECKS */;
/*!40101 SET CHARACTER_SET_CLIENT=@OLD_CHARACTER_SET_CLIENT */;
/*!40101 SET CHARACTER_SET_RESULTS=@OLD_CHARACTER_SET_RESULTS */;
/*!40101 SET COLLATION_CONNECTION=@OLD_COLLATION_CONNECTION */;
/*!40111 SET SQL_NOTES=@OLD_SQL_NOTES */;

-- Dump completed on 2026-03-27 11:34:51
